Population,Old Cohort,Old Block,Old Replicate,New Block,New Position,Germination Date,Notes
STGL1,6,3,13,12,F_14,2021-05-10,P 10/7
CAAN1,7,2,13,5,C_16,2021-09-20,P 10/7
STDI,6,1,8,12,I_06,2021-09-20,
STDI,4,3,14,12,J_02,2021-09-20,
CAAN1,1,1,6,7,D_08,2021-09-21,
CAAN1,7,2,4,7,E_18,2021-09-21,p 2021-10-12
CAAN1,5,3,14,5,B_05,2021-09-21,
CAAN1,7,3,7,8,D_08,2021-09-21,
CAAN2,3,1,10,8,F_12,2021-09-21,
CAIN3,6,3,11,8,G_04,2021-09-21,P 10/7
CAAN2,6,1,7,8,H_16,2021-09-21,
CAAN2,3,1,16,8,J_09,2021-09-21,
CAAN1,4,3,9,6,I_19,2021-09-21,
CAAN1,1,1,5,1,F_08,2021-09-21,
CAAN2,5,3,10,2,D_15,2021-09-21,
STIN,7,3,11,2,F_11,2021-09-21,
CAIN4,4,3,14,2,I_19,2021-09-21,P 10/7
CAIN4,7,2,7,3,B_12,2021-09-21,P 10/12
STGL1,6,1,15,3,H_17,2021-09-21,P 10/7
CAAN1,5,1,9,11,D_16,2021-09-21,
CAAN2,6,3,7,11,E_07,2021-09-21,
CAAN1,7,1,6,11,F_08,2021-09-21,
CAAN2,3,1,8,12,B_13,2021-09-21,
STDI,6,1,4,12,C_08,2021-09-21,
CAAN1,7,1,12,12,D_13,2021-09-21,
CAAN1,4,3,3,12,I_03,2021-09-21,
CAAN2,3,2,10,10,F_12,2021-09-21,
CAAN2,4,1,2,7,A_10,2021-09-22,pulled 4 fitness 2021-10-07
CAAN1,4,3,14,5,B_17,2021-09-22,
CAAN2,6,1,1,5,C_09,2021-09-22,P
STGL1,7,2,14,5,D_09,2021-09-22,P 10/7
CAIN3,5,2,2,6,C_05,2021-09-22,P 10/7
CAIN3,7,1,2,6,C_11,2021-09-22,P 10/12/21
CACO1,7,3,2,6,D_18,2021-09-22,
CACO1,6,1,2,6,E_05,2021-09-22,
CAAN2,5,3,14,2,E_20,2021-09-22,P 10/07
CAIN3,7,2,9,4,D_13,2021-09-22,
CAAN2,3,2,13,3,D_14,2021-09-22,
CAAN2,1,1,12,11,B_04,2021-09-22,P
STDI,6,2,15,12,C_16,2021-09-22,
STTO-BH,4,2,11,12,E_17,2021-09-22,
CAAN2,3,2,7,12,G_09,2021-09-22,
CAAN2,2,2,15,12,G_20,2021-09-22,
STDI,7,1,15,12,H_10,2021-09-22,
CAIN4,4,1,2,12,H_20,2021-09-22,P 10/12/21
STGL1,4,1,2,10,D_08,2021-09-22,P 10/7
STIN,1,2,9,10,E_12,2021-09-22,
CAAN1,5,2,10,10,F_08,2021-09-22,
CAAN1,6,3,3,10,F_20,2021-09-22,
CAAN2,5,3,8,8,E_08,2021-09-23,
CAAN2,5,2,5,1,B_10,2021-09-23,P 10/12/21
CAIN3,6,1,1,3,J_18,2021-09-23,
CAAN2,6,1,8,11,C_19,2021-09-23,
STTO-BH,7,3,2,10,I_14,2021-09-23,
CAAN1,5,1,1,7,C_12,2021-09-24,pulled 4 fitness 2021-10-07
CAAN1,5,2,2,7,C_13,2021-09-24,
CAIN3,7,1,15,7,D_14,2021-09-24,pulled 4 fitness 2021-10-07
STIN,5,1,14,7,F_17,2021-09-24,
CAAN1,1,2,14,7,F_18,2021-09-24,
STDI,1,1,1,7,J_14,2021-09-24,
CAAN2,3,3,10,5,D_06,2021-09-24,
CAAN1,7,3,1,5,E_18,2021-09-24,
CAAN2,4,1,16,8,B_07,2021-09-24,
CAIN3,2,3,5,9,F_07,2021-09-24,P
STGL1,6,3,14,1,G_16,2021-09-24,P 10/7/21
STPO1,5,1,9,2,D_13,2021-09-24,
CAIN3,5,1,14,2,F_04,2021-09-24,P 10/7
CAIN3,7,1,14,4,F_10,2021-09-24,
CAIN3,7,1,1,4,I_07,2021-09-24,P 10/7
CAAN2,4,1,5,4,I_08,2021-09-24,P 10/7
CAAN2,1,1,13,3,B_06,2021-09-24,
CAAN2,3,1,1,3,B_10,2021-09-24,P 10/7
STGL1,7,1,7,3,C_09,2021-09-24,P 10/7
CAAN1,7,2,8,3,E_08,2021-09-24,
CAAN1,3,3,12,3,H_10,2021-09-24,P 10/7
CAIN4,2,2,9,11,A_13,2021-09-24,P 10/7
CAAN1,2,2,12,11,C_09,2021-09-24,
STGL1,6,2,5,11,D_18,2021-09-24,P 10/7
CAAN1,6,1,15,11,E_18,2021-09-24,P 10/7
STIN,4,1,14,11,I_13,2021-09-24,
STGL1,6,1,5,12,B_09,2021-09-24,P 10/7
CAAN2,2,2,9,12,G_18,2021-09-24,
STIN,7,3,5,10,B_16,2021-09-24,
CAAN2,4,3,4,10,D_14,2021-09-24,
CAAN1,3,1,4,10,I_11,2021-09-24,
CAAN2,6,2,9,10,J_06,2021-09-24,
CAIN4,3,2,8,13,B_15,2021-09-25,P 10/7
CAIN3,7,2,6,6,G_07,2021-09-25,P 10/12/21
STGL1,4,3,3,11,D_09,2021-09-25,P 10/7
CAAN1,5,3,10,5,C_05,2021-09-26,
STDI,4,3,16,5,J_13,2021-09-26,
CAAN2,3,2,15,8,G_07,2021-09-26,
CAAN1,4,2,13,13,B_17,2021-09-26,P 10/7
CAAN1,6,3,2,6,G_11,2021-09-26,
CAAN1,7,2,11,6,H_11,2021-09-26,
CAAN1,4,1,9,9,B_09,2021-09-26,
CAAN1,4,2,7,4,A_03,2021-09-26,
CAAN2,4,2,12,12,D_04,2021-09-26,
CAAN1,2,2,10,10,F_02,2021-09-26,P 10/7
CAAN2,6,2,4,10,G_12,2021-09-26,
CAAM-GB,5,2,12,7,B_04,2021-09-27,
CAAN1,5,1,2,7,J_07,2021-09-27,
CAAN1,4,2,2,13,C_17,2021-09-27,
CAAN2,3,1,3,1,D_02,2021-09-27,P 10/7
CAAN2,5,2,6,11,C_16,2021-09-27,
STIN,5,1,15,11,D_12,2021-09-27,
CAAM-GB,3,1,3,7,A_04,2021-09-28,
CAAN2,4,1,8,5,C_20,2021-09-28,
STIN,3,1,11,8,D_07,2021-09-28,
CAAN2,4,1,14,8,I_19,2021-09-28,
CAAN2,6,1,15,2,E_09,2021-09-28,
CAAN1,2,1,16,2,F_12,2021-09-28,
CAAN1,1,3,14,2,F_13,2021-09-28,
CAAN1,5,2,16,2,H_15,2021-09-28,
CAAN1,1,2,16,4,H_06,2021-09-28,P 10/7
CAIN3,2,3,4,3,G_17,2021-09-28,
CAAN1,2,2,14,11,A_14,2021-09-28,
CAAN2,1,2,5,12,F_08,2021-09-28,
CAAN1,5,1,8,12,H_15,2021-09-28,
CAAN2,3,1,2,10,C_05,2021-09-28,P 10/12/21
STGL1,7,3,9,4,D_15,2021-09-29,P 10/7
CAAN1,2,1,12,7,G_11,2021-09-30,
CAAN1,4,2,4,9,F_19,2021-09-30,
CAAN1,1,3,11,3,C_14,2021-09-30,
CAAN1,7,3,4,3,G_10,2021-09-30,
STGL1,4,2,10,12,D_11,2021-09-30,
STIN,3,1,9,2,H_10,2021-10-01,
CAAN1,2,1,2,5,F_19,2021-10-03,
CAAN2,2,1,10,8,F_18,2021-10-03,P 10/7
CAIN3,6,2,6,8,H_06,2021-10-03,P 10/12/2021
STPO1,5,2,5,6,D_06,2021-10-03,
CAAN1,4,2,16,9,I_06,2021-10-03,
CAAN1,4,2,9,1,F_07,2021-10-03,P 10/7/21
CAAN1,2,2,5,2,E_16,2021-10-03,
CAAN2,5,3,6,11,H_20,2021-10-03,
CAAN1,5,1,11,12,E_04,2021-10-03,P 10/7
STGL1,6,1,10,10,E_09,2021-10-03,P 10/7
CAAN1,3,2,14,7,D_12,2021-10-04,
STGL1,6,2,11,5,I_07,2021-10-04,P 10/7
CAAN2,6,2,2,8,D_15,2021-10-04,
CAAN1,2,2,7,6,C_02,2021-10-04,P 10/7
CAAN1,4,1,13,6,C_04,2021-10-04,
CAAN1,4,3,1,6,E_18,2021-10-04,
CAIN3,7,3,1,1,A_07,2021-10-04,P 10/7/21
CAAN1,4,1,15,4,C_17,2021-10-04,
CAAN1,2,1,4,12,J_05,2021-10-04,
STGL1,6,3,9,7,B_14,2021-10-05,pulled 4 fitness 2021-10-07
STGL1,4,3,9,5,H_17,2021-10-05,P 10/7
CAAN1,7,3,12,8,B_05,2021-10-05,P 10/7
STDI,7,2,4,13,C_16,2021-10-05,
CAAN2,5,1,16,6,B_06,2021-10-05,
CAAN1,2,1,5,6,E_11,2021-10-05,
CAAN2,6,3,11,6,E_12,2021-10-05,P 10/7
CAAN1,1,1,11,9,A_06,2021-10-05,P 10/7
CAAN1,7,3,5,9,C_10,2021-10-05,
CAAN1,3,2,3,9,D_10,2021-10-05,
STPO1,5,2,6,1,C_08,2021-10-05,
CAAN1,4,1,1,1,E_12,2021-10-05,
STGL1,1,3,7,2,F_17,2021-10-05,P 10/7
STIN,5,2,12,4,I_11,2021-10-05,
CAAN2,6,1,12,4,I_15,2021-10-05,
STGL1,4,3,14,4,J_18,2021-10-05,P 10/7
CAAN1,2,1,11,3,B_20,2021-10-05,
STBR3,7,3,15,3,C_02,2021-10-05,
CAAN1,7,1,2,3,G_16,2021-10-05,
CAAN2,5,3,11,3,G_19,2021-10-05,P 10/7
CAAN1,3,2,2,11,G_07,2021-10-05,
STGL1,7,2,1,11,J_07,2021-10-05,
STGL1,7,2,6,12,E_15,2021-10-05,P 10/7
STGL1,6,2,10,10,B_02,2021-10-05,P 10/7
CAAN2,6,2,10,7,G_09,2021-10-06,
CAAN1,5,2,6,1,H_08,2021-10-06,
CAAN1,6,1,4,8,D_04,2021-10-07,
CAAN2,5,2,3,13,D_16,2021-10-07,P 10/7
CAAN1,5,2,13,13,E_12,2021-10-07,
CAAN2,5,3,1,6,I_07,2021-10-07,
STGL1,4,3,4,6,I_11,2021-10-07,P 10/7
STGL1,7,1,2,11,J_09,2021-10-07,P 10/7
CAAN2,1,3,14,9,H_07,2021-10-08,
STDR2,5,2,6,4,C_03,2021-10-08,
STTO-BH,5,1,4,4,G_10,2021-10-08,
STGL1,6,2,13,11,D_13,2021-10-08,
CAIN3,1,2,11,12,G_03,2021-10-08,
STPO1,7,3,4,10,F_16,2021-10-08,
CAAN1,5,1,15,9,C_07,2021-10-10,
CAAN1,4,1,14,4,B_17,2021-10-10,
CAAN2,6,3,14,13,A_16,2021-10-11,
CAAN1,5,3,6,13,B_16,2021-10-11,
STGL1,7,2,9,13,D_05,2021-10-11,
CAAN2,6,2,8,9,E_09,2021-10-11,
CAAN2,6,3,2,4,J_16,2021-10-11,
CAAN2,4,1,3,3,J_16,2021-10-11,
STBR3,3,1,3,11,A_01,2021-10-11,
CAAN1,5,3,8,12,J_13,2021-10-11,
CAAN1,5,3,11,7,E_08,2021-10-12,
CAAN2,6,1,9,7,G_15,2021-10-12,
STDI,2,3,6,5,J_19,2021-10-12,
STGL1,7,3,15,13,E_17,2021-10-12,
STGL1,7,1,1,6,G_10,2021-10-12,
CAAN2,6,2,5,1,A_12,2021-10-12,
STPO1,7,3,13,1,F_05,2021-10-12,
CAAN1,1,3,4,4,J_04,2021-10-12,
STPO1,6,2,5,12,B_20,2021-10-12,
STIN,7,1,1,5,F_14,2021-10-13,
CAAN1,5,3,5,8,C_05,2021-10-13,
STGL1,7,1,13,8,F_15,2021-10-13,
STGL1,7,2,13,6,G_18,2021-10-13,
STIN,7,1,13,9,I_20,2021-10-13,
CAAN1,6,1,5,9,J_11,2021-10-13,
CAAN2,1,2,7,9,J_18,2021-10-13,
STGL1,5,2,7,1,B_18,2021-10-13,
CAAN1,2,3,13,1,G_17,2021-10-13,
CAAN1,1,2,6,1,H_02,2021-10-13,
STTO-BH,4,1,9,3,B_07,2021-10-13,
STPO1,7,3,3,3,F_05,2021-10-13,
STPO1,6,1,2,3,H_16,2021-10-13,
STGL1,7,3,10,3,I_12,2021-10-13,
STPO1,6,3,4,12,G_19,2021-10-13,
STGL1,5,2,15,10,H_19,2021-10-13,
STGL1,7,1,10,6,C_10,2021-10-14,
CAAN1,1,1,8,9,B_15,2021-10-14,
STGL1,5,1,2,9,C_13,2021-10-14,
STGL1,4,1,7,2,B_10,2021-10-14,
STGL1,7,2,11,11,J_11,2021-10-14,
STGL1,6,1,12,12,E_02,2021-10-14,
CAAN1,7,3,3,10,C_14,2021-10-14,
STBR3,6,2,6,5,B_09,2021-10-15,
STBR3,6,1,9,6,G_09,2021-10-15,
STGL1,5,2,14,6,H_15,2021-10-15,
CAAN1,3,3,1,1,C_20,2021-10-15,
STGL1,7,1,12,1,D_17,2021-10-15,
STGL1,7,3,6,3,H_07,2021-10-15,
STGL1,7,3,16,5,A_03,2021-10-16,
STDR2,5,1,1,8,I_10,2021-10-16,
STGL1,6,3,6,13,E_16,2021-10-16,
CACO1,6,3,4,4,F_18,2021-10-16,
STGL1,5,1,16,5,C_10,2021-10-18,
STDI,7,3,13,5,I_16,2021-10-18,
STBR3,6,2,1,8,E_12,2021-10-18,
STGL1,5,3,3,8,F_14,2021-10-18,
STGL1,3,3,2,6,A_09,2021-10-18,
STIN,5,3,3,4,F_08,2021-10-18,
CAAN2,1,2,11,4,J_02,2021-10-18,
STGL1,6,3,16,3,D_19,2021-10-18,
STDI,3,3,10,11,E_14,2021-10-18,
blank,3,2,4,8,F_08,2021-10-21,
CAAN1,4,3,15,6,D_05,2021-10-21,
CAAN2,5,1,2,9,F_03,2021-10-21,
CAAN2,6,1,3,11,B_11,2021-10-21,
CAAN2,5,3,9,7,B_01,2021-10-22,2 seedlings
CAAN1,5,3,16,7,C_11,2021-10-22,
CAAN2,6,1,13,7,J_10,2021-10-22,
CAAN1,2,1,10,9,F_06,2021-10-22,
CAAN2,6,1,14,1,G_01,2021-10-22,
CAAN2,2,2,2,1,H_11,2021-10-22,
CAAM-GB,2,2,5,1,J_01,2021-10-22,
CAAN2,3,2,12,2,C_01,2021-10-22,
CAAN2,4,1,7,2,I_13,2021-10-22,
STBR3,6,2,10,3,C_18,2021-10-22,
CAAN2,5,3,16,3,J_14,2021-10-22,
STGL1,7,3,13,11,F_09,2021-10-22,
CAAN1,1,2,12,11,H_10,2021-10-22,
STGL1,1,2,3,12,G_10,2021-10-22,
CAAM-GB,1,3,7,10,I_10,2021-10-22,
STGL1,2,2,13,7,D_04,2021-10-23,
STDI,6,1,14,7,J_03,2021-10-23,
CAAN1,1,2,4,7,J_04,2021-10-23,
STGL1,5,2,3,5,A_17,2021-10-23,
STGL1,6,2,12,5,C_12,2021-10-23,
STDI,6,2,11,5,I_18,2021-10-23,
CAAN2,4,1,15,8,H_20,2021-10-23,
STGL1,5,3,9,13,B_02,2021-10-23,
STGL1,5,3,5,13,B_05,2021-10-23,
STPO1,6,2,12,13,E_07,2021-10-23,
STGL1,5,1,6,6,B_11,2021-10-23,
STGL1,7,2,8,6,E_04,2021-10-23,
STGL1,3,2,4,6,F_19,2021-10-23,
CAAN2,5,2,10,9,C_19,2021-10-23,
STGL1,2,1,3,1,A_04,2021-10-23,
STPO1,6,3,2,1,B_08,2021-10-23,
CAAN1,2,1,9,1,F_19,2021-10-23,
STGL1,5,1,12,4,A_01,2021-10-23,
STGL1,1,3,9,4,A_06,2021-10-23,
blank,6,2,4,4,B_18,2021-10-23,
CAAN1,6,2,10,4,C_10,2021-10-23,
STGL1,7,3,8,4,G_12,2021-10-23,
CAAN2,6,2,14,10,J_19,2021-10-23,
STIN,5,3,16,7,B_16,2021-10-25,
STPO1,6,2,16,5,J_07,2021-10-25,
STBR3,6,3,9,13,B_08,2021-10-25,
STBR3,6,2,2,6,J_14,2021-10-25,
STGL1,4,3,7,9,A_15,2021-10-25,P 10/28
STGL1,3,1,2,9,D_20,2021-10-25,P 10/28
STBR3,6,3,4,2,A_03,2021-10-25,
STGL1,1,2,8,3,F_08,2021-10-25,P 10/28
STGL1,5,3,12,3,G_15,2021-10-25,P 10/28
STBR3,6,1,10,12,F_19,2021-10-25,
CAIN3,1,2,8,10,D_20,2021-10-25,
STGL1,6,3,5,10,J_20,2021-10-25,P 10/28
CAAM-GB,1,2,9,5,E_07,2021-10-26,
STGL1,7,3,7,8,A_05,2021-10-26,P 11/2
CAIN3,5,3,7,5,H_01,2021-10-27,P 11/2
STDI,1,3,16,13,C_09,2021-10-27,11/2 P
CAAN1,5,3,3,9,H_02,2021-10-27,11/2 P
CAAN2,5,3,4,3,H_01,2021-10-27,P 10/28
CAAN1,1,3,8,3,H_02,2021-10-27,P 10/28
STGL1,1,2,16,3,I_08,2021-10-27,P 10/28
STGL1,1,2,4,3,J_07,2021-10-27,P 28
STGL1,7,1,8,10,F_04,2021-10-27,P 10/28
STDI,6,1,16,7,A_02,2021-10-28,
CAAM-GB,5,3,1,5,A_09,2021-10-28,
STBR3,6,3,7,2,G_03,2021-10-28,P 10/28
CAAM-GB,4,2,3,2,H_12,2021-10-28,
STGL1,6,3,11,4,H_18,2021-10-28,P 10/28
STGL1,3,1,3,9,C_14,2021-10-29,
CAAN1,1,3,5,1,B_03,2021-10-29,P 11/2
CAAN1,4,2,14,5,D_20,2021-10-30,P 11/2
STDR2,5,1,4,6,A_13,2021-10-30,
CAAM-GB,4,1,1,5,F_08,2021-11-01,
CAAN2,2,2,6,2,D_11,2021-11-01,
STGL1,6,1,13,13,B_11,2021-11-02,
STGL1,5,3,2,1,I_18,2021-11-02,
STGL1,7,3,2,10,A_12,2021-11-02,
STDI,7,2,6,10,A_18,2021-11-02,
STPO1,7,3,8,10,A_06,2021-11-03,
STDR2,4,1,2,2,F_06,2021-11-04,
STGL1,5,2,9,11,C_20,2021-11-04,
STGL1,6,3,10,11,G_20,2021-11-04,
CAAN2,6,3,9,1,C_16,2021-11-08,
STGL1,7,2,7,7,J_06,2021-11-10,
STDR2,5,1,13,3,I_11,2021-11-22,
CAAM-GB,5,1,9,2,I_03,2021-11-29,
CAAN2,3,3,1,4,B_14,2021-11-29,
CAAN1,5,3,12,2,G_19,2021-12-06,
STBR3,3,3,8,7,A_01,,
STDI,5,2,4,7,A_03,,
STIN,4,2,15,7,A_05,,
CAIN3,2,2,16,7,A_06,,
CAAM-GB,6,3,13,7,A_07,,
STDR2,7,3,4,7,A_08,,
CAIN3,7,1,9,7,A_09,,
CAIN4,2,3,11,7,A_11,,
STDI,6,3,8,7,A_12,,
CAIN3,7,3,6,7,A_13,,
CAAM-GB,5,2,1,7,A_14,,
STDR2,4,3,11,7,A_15,,
CAAN1,6,1,6,7,A_16,,
STDI,4,1,16,7,A_17,,
STTO-BH,7,3,11,7,A_18,,
STDR2,4,1,6,7,A_19,,
CAIN3,2,3,11,7,A_20,,
STGL1,4,2,5,7,B_02,,
STDI,6,2,2,7,B_03,,
CAIN4,3,1,4,7,B_05,,
CAIN4,6,1,7,7,B_06,,
CAAN1,6,3,15,7,B_07,,
STDR2,4,3,3,7,B_08,,
CAAM-GB,5,3,10,7,B_09,,
STPO1,2,1,6,7,B_10,,
CAAN1,3,3,5,7,B_11,,
STIN,6,1,12,7,B_12,,
STGL1,7,2,12,7,B_13,,
CAAN2,6,2,16,7,B_15,,
CAAM-GB,3,2,4,7,B_17,,
CAAN2,1,3,12,7,B_18,,
CAAN1,2,1,8,7,B_19,,
STIN,5,2,10,7,B_20,,
STDR2,4,3,5,7,C_01,,
CAIN4,4,2,12,7,C_02,,
STGL1,5,2,12,7,C_03,,
CAAN1,6,2,9,7,C_04,,
CAIN4,4,3,15,7,C_05,,
STBR3,2,3,2,7,C_06,,
CAAN2,5,3,7,7,C_07,,
CAAN1,1,3,2,7,C_08,,
STTO-BH,4,3,7,7,C_09,,
STDI,7,1,4,7,C_10,,
CAAN1,1,1,12,7,C_14,,
CAAM-GB,6,2,15,7,C_15,,
STDI,5,1,13,7,C_16,,
STDR2,2,1,3,7,C_17,,
CAAN1,6,1,9,7,C_18,,
STIN,1,1,4,7,C_19,,
CAAM-GB,2,1,10,7,C_20,,
CAAN1,7,3,13,7,D_01,,
blank,5,1,4,7,D_02,,
CACO1,2,1,4,7,D_03,,
STGL1,7,2,3,7,D_05,,
CAIN3,5,2,1,7,D_06,,
STIN,6,1,6,7,D_07,,
CAIN4,7,1,2,7,D_09,,
CAAN1,2,3,1,7,D_10,,
STIN,3,1,13,7,D_11,,
CAAN2,5,3,2,7,D_13,,
CAIN3,7,1,4,7,D_15,,
CAIN4,1,3,4,7,D_16,,
STDR2,5,3,9,7,D_17,,
blank,2,3,2,7,D_18,,iButton in this Cone
CAIN4,4,2,6,7,D_19,,
CAAM-GB,5,1,1,7,D_20,,
STIN,7,1,6,7,E_01,,
STTO-BH,5,3,13,7,E_02,,
CAAM-GB,1,3,15,7,E_03,,
CAAM-GB,3,3,10,7,E_04,,
CAIN3,5,3,10,7,E_05,,
STDI,7,1,1,7,E_06,,
STPO1,7,1,12,7,E_07,,
CAAN2,1,1,11,7,E_09,,
CAIN3,6,1,2,7,E_10,,
CAAM-GB,7,2,16,7,E_11,,
STPO1,2,2,15,7,E_12,,
CAAM-GB,2,3,15,7,E_13,,
STIN,4,3,1,7,E_14,,
CAIN4,5,3,14,7,E_15,,
STTO-BH,2,2,7,7,E_16,,
STDR2,7,3,10,7,E_17,,
STTO-BH,6,3,14,7,E_19,,
CAAM-GB,4,1,13,7,E_20,,
STBR3,4,2,2,7,F_01,,
CAIN4,2,3,4,7,F_02,,
CAAN1,1,1,4,7,F_03,,
STBR3,6,1,2,7,F_04,,
CAAM-GB,6,2,2,7,F_05,,
STIN,7,3,9,7,F_06,,
CAIN3,4,1,11,7,F_07,,
STPO1,5,1,14,7,F_08,,
STGL1,2,2,10,7,F_09,,
STBR3,3,3,6,7,F_10,,
CACO1,7,1,1,7,F_11,,
STIN,3,2,15,7,F_12,,
STDI,6,3,16,7,F_13,,
CAIN4,4,2,1,7,F_14,,
CAIN3,7,2,15,7,F_15,,
CAAN1,1,2,5,7,F_16,,
blank,7,1,2,7,F_19,,
CAAM-GB,2,3,4,7,F_20,,
CAAN2,4,1,13,7,G_01,,
CAIN4,4,3,2,7,G_02,,
STIN,1,1,13,7,G_03,,
STIN,1,1,11,7,G_04,,
STDI,6,3,12,7,G_05,,
CAIN4,2,1,13,7,G_06,,
CAAN1,7,1,16,7,G_07,,
blank,4,1,2,7,G_08,,
STGL1,7,3,14,7,G_10,,
CAIN3,6,1,11,7,G_12,,
STIN,5,2,15,7,G_13,,
STGL1,4,3,16,7,G_14,,
CAIN4,3,1,10,7,G_16,,
STBR3,7,1,13,7,G_17,,
CAIN3,4,3,3,7,G_18,,
CAAN2,6,3,5,7,G_19,,
CAAN2,7,3,9,7,G_20,,
STDR2,5,2,13,7,H_01,,
CACO1,5,1,4,7,H_02,,
STIN,4,2,14,7,H_03,,
STDR2,5,1,2,7,H_04,,
CAAN1,2,3,4,7,H_05,,
STIN,4,3,2,7,H_06,,
CAIN3,7,3,3,7,H_07,,
CACO1,4,1,3,7,H_08,,
STDI,1,3,1,7,H_09,,
CAIN4,7,1,13,7,H_10,,
STGL1,5,3,10,7,H_11,,
STBR3,5,2,3,7,H_12,,
CAAN2,6,2,3,7,H_13,,
CAAM-GB,1,3,14,7,H_14,,
CAAN1,7,1,4,7,H_15,,
CAIN3,7,3,16,7,H_16,,
CAIN4,6,1,1,7,H_17,,
CAAN2,3,3,9,7,H_18,,
STIN,6,3,13,7,H_19,,
STGL1,7,1,16,7,H_20,,
CAAM-GB,5,2,2,7,I_01,,
CAIN4,5,2,3,7,I_02,,
CAAM-GB,7,3,5,7,I_03,,
CAIN3,7,2,8,7,I_04,,
CAIN4,7,3,8,7,I_05,,
STTO-BH,4,1,7,7,I_06,,
STDR2,3,3,7,7,I_07,,
STDR2,5,2,2,7,I_08,,
CAIN4,5,2,4,7,I_09,,
CAIN3,6,2,12,7,I_10,,
CAIN3,1,1,3,7,I_11,,
CAAN1,1,3,1,7,I_12,,
CAAM-GB,7,3,10,7,I_13,,
CAAN2,1,2,16,7,I_14,,
CAAN2,4,2,15,7,I_15,,
STGL1,6,2,7,7,I_16,,
CAIN3,2,1,11,7,I_17,,
STGL1,5,1,10,7,I_18,,
CAIN3,2,2,13,7,I_19,,
CAAN2,1,3,13,7,I_20,,
CAAN1,7,3,2,7,J_01,,
STDI,1,3,8,7,J_02,,
STIN,7,1,12,7,J_05,,
STIN,7,2,11,7,J_08,,
CAAM-GB,6,1,2,7,J_09,,
STIN,4,3,5,7,J_11,,
CAIN4,2,3,3,7,J_12,,
CAAN1,2,3,12,7,J_13,,
STIN,4,1,12,7,J_15,,
CAIN4,7,1,4,7,J_16,,
STIN,2,2,3,7,J_17,,
CAAN1,3,1,13,7,J_18,,
CAIN3,4,3,11,7,J_19,,
STDR2,7,3,2,7,J_20,,
CAAN1,7,2,15,5,A_01,,
CAAN2,3,1,5,5,A_02,,
STIN,6,3,10,5,A_04,,
STDI,7,3,3,5,A_05,,
CAIN3,6,2,7,5,A_06,,
CAAN1,1,1,16,5,A_07,,
CAIN4,7,1,5,5,A_08,,
STIN,3,1,8,5,A_10,,
STDI,1,2,14,5,A_11,,
CAAM-GB,2,2,3,5,A_12,,
CAAN2,3,3,7,5,A_13,,
STDR2,4,1,12,5,A_14,,
blank,1,3,3,5,A_15,,
CAAN1,5,2,11,5,A_16,,
STDI,2,3,2,5,A_18,,
CAAN2,5,3,3,5,A_19,,
CAIN3,5,3,2,5,A_20,,
CAAN2,5,1,6,5,B_01,,
CAAN1,7,2,1,5,B_02,,
CAAM-GB,6,1,10,5,B_03,,
CAIN3,2,3,13,5,B_04,,
CAAN2,6,2,1,5,B_06,,
STTO-BH,4,1,4,5,B_07,,
CAAM-GB,6,3,14,5,B_08,,
CAAN1,3,3,2,5,B_10,,
STBR3,7,1,4,5,B_11,,
STGL1,7,1,3,5,B_12,,
STDI,6,1,3,5,B_13,,
CAIN4,2,2,16,5,B_14,,
CAIN3,5,1,11,5,B_15,,
CAAM-GB,1,3,16,5,B_16,,
STBR3,6,1,6,5,B_18,,
CAAN1,3,1,8,5,B_19,,
CAAM-GB,6,3,7,5,B_20,,
STTO-BH,4,3,3,5,C_01,,
STTO-BH,6,1,7,5,C_02,,
CACO1,1,2,3,5,C_03,,
CAIN3,6,3,15,5,C_04,,
CACO1,2,3,2,5,C_06,,
CAAM-GB,7,3,1,5,C_07,,
STDR2,5,2,4,5,C_08,,
CAAM-GB,5,1,15,5,C_11,,
STDI,5,1,15,5,C_13,,
CAAM-GB,1,1,4,5,C_14,,
CAAN2,3,1,12,5,C_15,,
STIN,7,3,3,5,C_17,,
CAAN2,3,2,5,5,C_18,,
CAAN2,3,2,2,5,C_19,,
STTO-BH,2,1,6,5,D_01,,
STIN,7,1,7,5,D_02,,
CAIN4,5,1,6,5,D_03,,
CAIN4,5,2,8,5,D_04,,
STTO-BH,2,3,12,5,D_05,,
CAAM-GB,1,1,10,5,D_07,,
CAAM-GB,6,2,4,5,D_08,,
STTO-BH,4,1,10,5,D_10,,
STGL1,5,2,2,5,D_11,,
STIN,4,3,15,5,D_12,,
CAIN4,5,2,16,5,D_13,,
STGL1,1,2,11,5,D_14,,
STDR2,4,2,7,5,D_15,,
STIN,4,2,12,5,D_16,,
STGL1,1,3,15,5,D_17,,
STGL1,5,3,7,5,D_18,,
STTO-BH,5,2,10,5,D_19,,
CAAM-GB,2,1,12,5,E_01,,
STGL1,1,2,2,5,E_02,,
CAAM-GB,2,3,10,5,E_03,,
CAIN3,4,3,13,5,E_04,,
CAAM-GB,7,2,12,5,E_05,,
CAAN1,1,1,13,5,E_06,,
STDI,6,1,5,5,E_08,,
CACO1,5,3,1,5,E_09,,
CAAM-GB,3,2,13,5,E_10,,
STDI,7,1,3,5,E_11,,
STIN,4,3,9,5,E_12,,
CAIN4,2,3,14,5,E_13,,
CAAM-GB,2,2,12,5,E_14,,
STTO-BH,2,1,4,5,E_15,,
CAIN3,5,1,16,5,E_16,,
blank,4,3,4,5,E_17,,
STGL1,7,1,4,5,E_19,,
STTO-BH,4,2,7,5,E_20,,
CAAN2,4,1,10,5,F_01,,
STTO-BH,6,3,10,5,F_02,,
CAAN2,7,2,15,5,F_03,,
blank,3,1,1,5,F_04,,
CAAN1,6,1,16,5,F_05,,
STBR3,7,2,15,5,F_06,,
CAAN2,2,1,1,5,F_07,,
CAAN1,7,2,5,5,F_09,,
STDI,4,1,11,5,F_10,,
STGL1,7,3,1,5,F_11,,
STBR3,6,2,5,5,F_12,,
STDI,2,3,4,5,F_13,,
STTO-BH,5,1,13,5,F_15,,
CAAM-GB,5,1,12,5,F_16,,
STPO1,1,2,6,5,F_17,,
STTO-BH,4,3,10,5,F_18,,
CAAM-GB,4,1,2,5,F_20,,
STIN,2,1,3,5,G_01,,
CAIN3,4,2,7,5,G_02,,
CAAN2,5,1,3,5,G_03,,
STPO1,5,3,16,5,G_04,,
CAAN2,2,2,16,5,G_05,,
STDI,7,2,12,5,G_06,,
STDR2,2,1,2,5,G_07,,
STBR3,1,1,6,5,G_08,,
STIN,5,3,11,5,G_09,,
CAIN3,5,1,4,5,G_10,,
STIN,2,3,1,5,G_11,,
CAAN2,7,1,15,5,G_12,,
CAIN3,2,1,4,5,G_13,,
STBR3,1,2,3,5,G_14,,
CAAM-GB,1,1,6,5,G_15,,
CAAM-GB,5,2,11,5,G_16,,
CAIN3,5,1,12,5,G_17,,
STPO1,6,3,10,5,G_18,,
CAAN1,3,3,4,5,G_19,,
STIN,4,3,3,5,G_20,,
CAAN1,1,1,9,5,H_02,,
CAAM-GB,5,2,6,5,H_03,,
STDI,6,3,13,5,H_04,,
CAAN1,6,1,14,5,H_05,,
STBR3,5,1,13,5,H_06,,
CAIN4,7,3,10,5,H_07,,
STIN,7,3,12,5,H_08,,
STIN,5,2,3,5,H_09,,
CAIN4,3,3,15,5,H_10,,
STDI,3,2,1,5,H_11,,
CAAN2,7,3,13,5,H_12,,
CAAM-GB,4,2,15,5,H_13,,
CAAN1,5,2,15,5,H_14,,
CAAM-GB,3,1,1,5,H_15,,
CAAN2,6,3,1,5,H_16,,
CAAM-GB,1,2,14,5,H_18,,
CAIN4,7,3,7,5,H_19,,
CACO1,7,3,1,5,H_20,,
CAIN3,7,3,2,5,I_01,,
CAAM-GB,5,3,6,5,I_02,,
blank,2,1,3,5,I_03,,
CACO1,7,1,2,5,I_04,,
CAAN2,6,3,6,5,I_05,,
CAAM-GB,7,1,8,5,I_06,,
CAIN4,7,3,16,5,I_08,,
STGL1,6,2,16,5,I_09,,
STDI,7,2,14,5,I_10,,
STDI,2,3,12,5,I_11,,
CAAN2,1,2,14,5,I_12,,
CAIN4,6,3,9,5,I_13,,
STBR3,1,2,5,5,I_14,,
CAIN4,5,1,4,5,I_15,,
STPO1,4,3,6,5,I_17,,
CAAM-GB,1,2,12,5,I_19,,
blank,2,1,2,5,I_20,,
CAAM-GB,3,1,7,5,J_01,,
CAAN1,1,1,10,5,J_02,,
CAIN3,7,3,9,5,J_03,,
CAAM-GB,1,3,13,5,J_04,,
CAIN3,2,2,12,5,J_05,,
CAAM-GB,7,1,12,5,J_06,,
CAIN3,7,3,11,5,J_08,,
CAAN1,4,1,12,5,J_09,,
STGL1,4,3,5,5,J_10,,
CAAN2,4,1,11,5,J_11,,
STGL1,6,3,15,5,J_12,,
CAAN1,1,3,12,5,J_14,,
CAAN2,7,3,6,5,J_15,,
STTO-BH,5,1,14,5,J_16,,
blank,5,1,2,5,J_17,,
STDI,7,1,14,5,J_18,,
STDR2,4,2,14,5,J_20,,
CAIN3,7,2,2,8,A_01,,
CAIN4,7,2,10,8,A_02,,
STBR3,7,1,8,8,A_03,,
CAIN4,5,1,15,8,A_04,,
STDR2,6,1,3,8,A_06,,
CAAN2,2,2,10,8,A_07,,
STIN,2,2,5,8,A_08,,
STBR3,4,3,13,8,A_09,,
CAAM-GB,4,3,2,8,A_10,,
STDR2,5,3,5,8,A_11,,
CAAN1,3,1,10,8,A_12,,
STTO-BH,4,3,15,8,A_13,,
STDR2,7,1,12,8,A_14,,
blank,1,2,1,8,A_15,,
STDI,7,2,3,8,A_16,,
STGL1,5,3,1,8,A_17,,
CAIN4,6,3,3,8,A_18,,
CAIN3,2,2,3,8,A_19,,
STBR3,3,1,6,8,A_20,,
STGL1,7,2,15,8,B_01,,
STIN,4,3,12,8,B_02,,
STPO1,7,2,16,8,B_03,,
STGL1,5,2,4,8,B_04,,
CAAN2,7,2,12,8,B_06,,
STGL1,4,1,10,8,B_08,,
STBR3,7,3,3,8,B_09,,
STGL1,6,3,3,8,B_10,,
blank,6,1,1,8,B_11,,
STTO-BH,5,1,6,8,B_12,,
STDI,1,2,13,8,B_13,,
STGL1,4,1,14,8,B_14,,
CAAN2,2,3,6,8,B_15,,
STGL1,3,2,1,8,B_16,,
STPO1,5,2,9,8,B_17,,
CAIN3,3,3,9,8,B_18,,
STDR2,3,3,15,8,B_19,,
STDR2,3,2,7,8,B_20,,
STDR2,7,2,12,8,C_01,,
STIN,1,3,15,8,C_02,,
STBR3,3,2,7,8,C_03,,
STDR2,7,1,11,8,C_04,,
STIN,6,2,6,8,C_06,,
CAAM-GB,3,3,11,8,C_07,,
STDI,1,2,2,8,C_08,,
CAAN1,3,3,16,8,C_09,,
CAAN2,3,2,1,8,C_10,,
STPO1,6,1,15,8,C_11,,
CAIN4,5,3,4,8,C_12,,
CAAN2,1,1,5,8,C_13,,
STTO-BH,5,3,12,8,C_14,,
CAAM-GB,2,1,7,8,C_15,,
CAAN2,4,2,11,8,C_16,,
CAAN1,3,1,7,8,C_17,,
STDI,5,1,2,8,C_18,,
CAIN3,4,1,5,8,C_19,,
STGL1,5,2,16,8,C_20,,
CAIN4,4,2,8,8,D_01,,
CAAM-GB,7,3,6,8,D_02,,
CAAN1,4,2,1,8,D_03,,
STIN,7,1,8,8,D_05,,
CAIN4,4,3,1,8,D_06,,
CAIN3,4,3,2,8,D_09,,
CAAN2,6,2,7,8,D_10,,
STPO1,6,1,1,8,D_11,,
STTO-BH,4,1,12,8,D_12,,
STIN,2,3,6,8,D_13,,
STTO-BH,2,3,1,8,D_14,,
CAAN2,1,1,10,8,D_16,,
blank,3,2,2,8,D_17,,
CAAN2,6,3,8,8,D_18,,
CAIN4,3,3,7,8,D_19,,
STDI,3,2,10,8,D_20,,
CAAM-GB,6,3,12,8,E_01,,
blank,6,1,4,8,E_02,,
CAAN1,3,1,11,8,E_03,,
CAIN4,7,1,16,8,E_04,,
STDI,7,3,4,8,E_05,,
STPO1,6,3,15,8,E_06,,
STIN,5,1,7,8,E_07,,
STIN,4,2,2,8,E_09,,
STBR3,4,2,1,8,E_10,,
CAIN3,6,1,9,8,E_11,,
CAIN3,7,1,10,8,E_13,,
CAAN2,1,3,3,8,E_14,,
CAAM-GB,7,2,5,8,E_15,,
STIN,7,2,6,8,E_16,,
CAAN1,3,1,14,8,E_17,,
STIN,7,3,10,8,E_18,,
CAIN4,4,1,14,8,E_19,,
STGL1,7,1,11,8,E_20,,
CAIN3,6,2,4,8,F_01,,
STIN,3,2,12,8,F_02,,
CAAN1,4,2,6,8,F_03,,
STBR3,7,3,7,8,F_04,,
STBR3,1,2,11,8,F_05,,
STDI,6,2,13,8,F_06,,
CAIN4,3,2,15,8,F_07,,
STGL1,4,1,12,8,F_09,,
CAAM-GB,3,3,13,8,F_10,,
STGL1,4,1,6,8,F_11,,
STTO-BH,7,3,16,8,F_13,,
STIN,7,2,4,8,F_16,,
STIN,2,1,2,8,F_17,,
CAIN3,4,2,15,8,F_19,,
CAIN4,7,1,10,8,F_20,,
CAAN1,6,1,1,8,G_01,,
CAAM-GB,1,1,8,8,G_02,,
CAAM-GB,1,3,12,8,G_03,,
STPO1,5,3,15,8,G_05,,
CAAN2,5,3,15,8,G_06,,
CAIN4,5,3,16,8,G_08,,
STDI,4,1,4,8,G_09,,
STDI,5,2,16,8,G_10,,
CAAN2,7,2,16,8,G_11,,
blank,5,2,2,8,G_12,,
CAAN1,3,2,13,8,G_13,,
CAAN1,2,2,6,8,G_14,,
CAAM-GB,5,2,8,8,G_15,,
STGL1,5,3,15,8,G_16,,
CAAN1,1,2,10,8,G_17,,
STTO-BH,7,2,4,8,G_18,,
STIN,7,1,14,8,G_19,,
blank,4,1,4,8,G_20,,
STDI,4,3,4,8,H_01,,
STDR2,5,1,3,8,H_02,,
CAIN3,5,2,12,8,H_03,,
CAAM-GB,1,2,15,8,H_04,,
blank,7,2,2,8,H_05,,
CAIN3,5,1,9,8,H_07,,
CAAN2,2,3,7,8,H_08,,
CAAN2,7,1,11,8,H_09,,
STDI,2,2,13,8,H_10,,
STBR3,6,3,14,8,H_11,,
CAAM-GB,4,3,10,8,H_12,,
CAIN4,6,1,6,8,H_13,,
STDI,7,3,1,8,H_14,,
CAIN4,4,1,16,8,H_15,,
blank,3,3,3,8,H_17,,
STIN,4,1,6,8,H_18,,
STIN,4,1,4,8,H_19,,
STTO-BH,5,3,6,8,I_01,,
CAAN2,1,3,6,8,I_02,,
STDI,7,1,6,8,I_03,,
CAIN3,2,3,3,8,I_04,,
STDR2,5,3,8,8,I_05,,
CAAM-GB,7,2,8,8,I_06,,
CAAN2,2,2,8,8,I_07,,
CAAM-GB,1,3,10,8,I_08,,
CAAN2,7,1,16,8,I_09,,
CAIN4,4,1,15,8,I_11,,
STIN,3,1,12,8,I_12,,
CAAM-GB,4,3,16,8,I_13,,
CAAN2,2,1,11,8,I_14,,
STIN,1,1,3,8,I_15,,
STIN,3,2,2,8,I_16,,
STPO1,5,3,4,8,I_17,,
STDR2,3,3,12,8,I_18,,
CAAM-GB,3,2,2,8,I_20,,
STTO-BH,7,3,1,8,J_01,,
STTO-BH,4,1,2,8,J_02,,
STBR3,3,3,15,8,J_03,,
STDI,7,2,7,8,J_04,,
STDR2,2,3,4,8,J_05,,
STIN,1,3,11,8,J_06,,
blank,7,1,4,8,J_07,,
STBR3,4,1,14,8,J_08,,
blank,4,2,4,8,J_10,,iButton in this Cone
STIN,1,3,6,8,J_11,,
CAIN3,5,3,13,8,J_12,,
STPO1,7,3,2,8,J_13,,
CAIN3,5,3,1,8,J_14,,
CAAM-GB,5,3,9,8,J_15,,
STGL1,6,3,7,8,J_16,,
STDR2,5,2,15,8,J_17,,
CAIN4,1,2,11,8,J_18,,
CAAM-GB,4,3,3,8,J_19,,
STDR2,2,2,9,8,J_20,,
STDR2,3,3,11,13,A_01,,
CAAM-GB,6,1,7,13,A_02,,
CACO1,5,1,2,13,A_03,,
STBR3,6,2,8,13,A_04,,
STPO1,4,1,8,13,A_05,,
CAAN1,5,1,14,13,A_06,,
CAAM-GB,2,2,13,13,A_07,,
CAIN3,3,3,10,13,A_08,,
CAAN2,7,3,12,13,A_09,,
CAAN2,6,3,3,13,A_10,,
STPO1,7,3,1,13,A_11,,
CACO1,4,2,3,13,A_12,,
CAAM-GB,4,1,14,13,A_13,,
CAAM-GB,4,3,15,13,A_14,,
CAIN4,5,2,1,13,A_15,,
CAAN2,6,1,10,13,A_17,,
CAAM-GB,3,1,8,13,A_18,,
STPO1,1,2,9,13,A_19,,
CACO1,5,3,4,13,A_20,,
blank,1,1,1,13,B_01,,
STTO-BH,5,3,16,13,B_03,,
STPO1,5,3,10,13,B_04,,
STBR3,1,3,9,13,B_06,,
STDR2,3,3,14,13,B_07,,
STPO1,3,2,16,13,B_09,,
CAAM-GB,2,2,11,13,B_10,,
CAAM-GB,6,2,9,13,B_12,,
CAAM-GB,5,1,4,13,B_13,,
STDR2,7,2,14,13,B_14,,
CAIN4,7,2,4,13,B_18,,
STBR3,4,1,6,13,B_19,,
STDR2,4,3,2,13,B_20,,
STDI,1,1,9,13,C_01,,
STGL1,5,3,8,13,C_02,,
STIN,2,3,7,13,C_03,,
CAAM-GB,4,2,11,13,C_04,,
CAAN1,6,1,2,13,C_05,,
CAIN4,2,3,13,13,C_06,,
CAIN3,7,2,4,13,C_07,,
CAAN1,4,2,15,13,C_08,,
STIN,4,2,4,13,C_10,,
STGL1,6,2,8,13,C_11,,
blank,3,3,2,13,C_12,,
CAIN4,6,2,13,13,C_13,,
CAAN2,1,2,4,13,C_14,,
CAAN1,5,2,14,13,C_15,,
STDI,7,3,7,13,C_18,,
CAIN4,1,3,9,13,C_19,,
STBR3,5,3,15,13,C_20,,
CAAN1,7,1,5,13,D_01,,
STDI,4,1,14,13,D_02,,
CAAN2,2,2,5,13,D_03,,
CAIN4,4,2,5,13,D_04,,
CACO1,2,2,2,13,D_06,,
STIN,5,3,4,13,D_07,,
STBR3,7,3,2,13,D_08,,
CAAN1,3,1,3,13,D_09,,
STDR2,1,2,6,13,D_10,,
blank,2,1,4,13,D_11,,
CAIN4,5,3,15,13,D_12,,
CAAM-GB,7,3,15,13,D_13,,
CAAM-GB,6,1,6,13,D_14,,
CAIN4,6,3,5,13,D_15,,
CAAM-GB,4,1,9,13,D_17,,
CACO1,4,1,4,13,D_18,,
CAIN4,7,3,3,13,D_19,,
STDI,5,2,5,13,D_20,,
STIN,6,2,9,13,E_01,,
CAIN4,3,2,10,13,E_02,,
CAAN2,4,3,7,13,E_03,,
STIN,6,1,9,13,E_04,,
CAIN3,6,3,4,13,E_05,,
STDI,1,3,7,13,E_06,,
STGL1,4,2,4,13,E_08,,
STDR2,7,2,1,13,E_09,,
STGL1,1,2,15,13,E_10,,
CAAM-GB,2,3,8,13,E_11,,
STPO1,5,1,12,13,E_13,,
CAAN2,3,1,11,13,E_14,,
CAAM-GB,7,2,10,13,E_15,,
CAIN4,7,1,3,13,E_18,,
STIN,4,2,10,13,E_19,,
CAAM-GB,4,3,14,13,E_20,,
blank,7,3,1,13,F_01,,iButton in this Cone
CAIN4,6,2,14,13,F_02,,
CAAM-GB,7,2,2,6,A_01,,
STPO1,4,3,16,6,A_02,,
CAAM-GB,4,2,8,6,A_03,,
STIN,2,2,14,6,A_04,,
CAIN4,4,1,11,6,A_05,,
CAIN4,1,3,5,6,A_06,,
CAAM-GB,3,1,6,6,A_07,,
CAIN4,7,3,1,6,A_08,,
STDR2,7,3,13,6,A_10,,
CAIN3,3,1,8,6,A_11,,
STIN,4,1,15,6,A_12,,
STBR3,5,2,16,6,A_14,,
STPO1,6,3,14,6,A_15,,
CAAN1,6,3,13,6,A_16,,
CAAM-GB,6,2,5,6,A_17,,
CAAN1,4,1,10,6,A_18,,
STIN,5,2,5,6,A_19,,
STIN,4,2,3,6,A_20,,
CAAM-GB,3,2,1,6,B_01,,
CAAN2,1,1,6,6,B_02,,
CAIN4,3,2,13,6,B_03,,
CAAN2,3,3,15,6,B_04,,
CAIN3,6,1,14,6,B_05,,
CAIN4,4,2,9,6,B_07,,
STIN,3,1,4,6,B_08,,
STGL1,1,3,12,6,B_09,,
blank,2,2,1,6,B_10,,
CACO1,1,3,1,6,B_12,,
STTO-BH,7,3,7,6,B_13,,
blank,2,3,3,6,B_14,,
CAIN3,4,1,15,6,B_15,,
STGL1,4,1,5,6,B_16,,
STPO1,4,1,5,6,B_17,,
STDI,7,3,14,6,B_18,,
CAAN1,4,3,7,6,B_19,,
CACO1,4,2,1,6,B_20,,
STDI,5,3,1,6,C_01,,
STIN,4,2,1,6,C_03,,
STPO1,4,2,7,6,C_06,,
STDR2,5,2,12,6,C_07,,
STTO-BH,2,1,15,6,C_08,,
CAIN3,7,1,11,6,C_09,,
CAIN4,5,1,3,6,C_12,,
CAIN4,6,2,15,6,C_13,,
STDR2,4,1,4,6,C_14,,
CAIN4,5,3,11,6,C_15,,
STDR2,7,2,15,6,C_16,,
CAAN2,4,2,13,6,C_17,,
STDI,4,3,5,6,C_18,,
CAAM-GB,2,3,7,6,C_19,,
STDI,6,2,5,6,C_20,,
STGL1,5,2,1,6,D_01,,
CAAN2,5,2,13,6,D_02,,
CAAM-GB,6,3,3,6,D_03,,
CAAN1,5,2,5,6,D_04,,
STIN,4,1,16,6,D_07,,
CAAM-GB,6,1,15,6,D_08,,
CAIN4,5,1,10,6,D_09,,
blank,1,1,2,6,D_10,,
STDR2,7,2,2,6,D_11,,
CAAM-GB,2,1,14,6,D_12,,
CAAN1,6,2,6,6,D_13,,
STIN,2,1,6,6,D_14,,
STGL1,3,1,16,6,D_15,,
STTO-BH,3,3,6,6,D_16,,
CAAN1,4,1,6,6,D_17,,
CAIN4,6,1,5,6,D_19,,
CAAN2,7,1,3,6,D_20,,
STDI,6,3,3,6,E_01,,
CAAM-GB,7,2,9,6,E_02,,
STDR2,7,3,8,6,E_03,,
CAIN4,7,1,12,6,E_06,,
CAAN2,5,1,1,6,E_07,,
STIN,3,1,5,6,E_08,,
STTO-BH,4,1,1,6,E_09,,
CAAM-GB,4,1,3,6,E_10,,
CAAN2,7,2,5,6,E_13,,
CAAM-GB,7,1,7,6,E_14,,
STDI,3,2,6,6,E_15,,
CAAM-GB,7,2,1,6,E_16,,
STIN,1,1,9,6,E_17,,
CAAN2,2,3,16,6,E_19,,
STPO1,4,2,16,6,E_20,,
CAAM-GB,6,3,6,6,F_01,,
CAAN2,1,2,3,6,F_02,,
CAIN3,7,1,6,6,F_03,,
CAIN4,6,2,3,6,F_04,,
STBR3,4,1,13,6,F_05,,
STPO1,7,3,10,6,F_06,,
CAIN3,6,2,2,6,F_07,,
CAAN2,3,3,13,6,F_08,,
CAAM-GB,3,3,16,6,F_09,,
CAAN2,6,1,16,6,F_10,,
CAAN1,3,3,13,6,F_11,,
STIN,6,3,14,6,F_12,,
CAIN4,5,2,7,6,F_13,,
STIN,2,1,12,6,F_14,,
CAAN1,1,3,15,6,F_15,,
CAAM-GB,6,1,4,6,F_16,,
CAAN1,6,2,15,6,F_17,,
STDR2,4,3,8,6,F_18,,
CAAN1,4,1,16,6,F_20,,
CAAM-GB,5,2,3,6,G_01,,
CAAN1,6,2,4,6,G_02,,
CAAM-GB,7,3,16,6,G_03,,
CAIN4,4,2,15,6,G_04,,
CAIN4,4,2,16,6,G_05,,
STTO-BH,4,2,5,6,G_06,,
STPO1,1,3,5,6,G_08,,
CAAN1,6,2,7,6,G_12,,
STTO-BH,7,2,8,6,G_13,,
CAAN2,4,2,9,6,G_14,,
STDR2,7,1,14,6,G_15,,
STIN,7,2,15,6,G_16,,
CAAM-GB,5,1,5,6,G_17,,
CAAM-GB,1,2,10,6,G_19,,
STDR2,7,3,5,6,G_20,,
CACO1,7,1,3,6,H_01,,
CAAM-GB,1,2,1,6,H_02,,
CAAM-GB,5,1,2,6,H_03,,
CAAM-GB,1,2,16,6,H_04,,
STIN,2,2,1,6,H_05,,
STDR2,3,1,13,6,H_06,,
STGL1,1,2,6,6,H_07,,
STDI,6,3,14,6,H_08,,
CAIN4,6,1,4,6,H_09,,
CAAN2,5,2,2,6,H_10,,
STGL1,4,1,13,6,H_12,,
STDR2,2,1,10,6,H_13,,
STGL1,4,3,2,6,H_14,,
CAAN2,1,1,8,6,H_16,,
STIN,7,2,5,6,H_17,,
STDI,4,1,7,6,H_18,,
CAAN1,7,1,14,6,H_19,,
CAAN1,4,1,11,6,H_20,,
STIN,6,2,8,6,I_01,,
CAAN1,4,1,3,6,I_02,,
CAAN1,3,2,11,6,I_03,,
CAAN1,4,3,12,6,I_04,,
CAIN4,1,2,14,6,I_05,,
CAAN2,3,1,4,6,I_06,,
STTO-BH,2,1,3,6,I_08,,
STIN,6,3,12,6,I_09,,
STIN,6,2,5,6,I_10,,
STDR2,4,2,10,6,I_12,,
STIN,4,3,16,6,I_13,,
CAAN1,6,2,2,6,I_14,,
STIN,1,2,5,6,I_15,,
STPO1,3,3,14,6,I_16,,
CAAM-GB,1,1,5,6,I_17,,
CAIN3,5,3,11,6,I_18,,
STTO-BH,7,1,13,6,I_20,,
CAIN3,5,2,15,6,J_01,,
CAAN2,5,2,11,6,J_02,,
CAAN2,7,2,14,6,J_03,,
STBR3,6,1,5,6,J_04,,
STDR2,7,1,15,6,J_05,,
CAAN1,7,1,1,6,J_06,,
STIN,5,1,9,6,J_07,,
STIN,1,2,4,6,J_08,,
CAAN1,3,2,10,6,J_09,,
CAIN4,5,3,5,6,J_10,,
STPO1,6,2,14,6,J_11,,
CAIN3,7,3,4,6,J_12,,
CAAM-GB,3,2,16,6,J_13,,
CAIN4,4,2,13,6,J_15,,
CAAN1,6,3,12,6,J_16,,
CAIN4,6,2,16,6,J_17,,
STPO1,6,2,6,6,J_18,,
CAAN2,5,1,15,6,J_19,,
CAAN2,4,3,14,6,J_20,,
CAIN4,7,2,3,9,A_01,,
CAIN4,1,1,5,9,A_02,,
CAIN4,6,2,10,9,A_03,,
STTO-BH,7,3,3,9,A_04,,
STDR2,6,3,2,9,A_05,,
STBR3,6,3,6,9,A_07,,
CAAN1,4,3,8,9,A_08,,
STDI,4,2,9,9,A_09,,
STGL1,6,2,1,9,A_10,,
CAIN3,7,1,8,9,A_11,,
CAAN2,1,2,13,9,A_12,,
CAIN4,3,2,14,9,A_13,,
CAAN2,1,3,15,9,A_14,,
STDR2,6,1,15,9,A_16,,
STDR2,2,3,12,9,A_17,,
CAAN1,1,1,15,9,A_18,,
CAAN1,2,3,14,9,A_19,,
CAAM-GB,3,1,9,9,A_20,,
CAIN3,7,2,10,9,B_01,,
STTO-BH,6,2,4,9,B_02,,
STDI,5,2,1,9,B_03,,
STDR2,3,3,13,9,B_04,,
CAAN1,1,2,13,9,B_05,,
CAIN3,7,2,1,9,B_06,,
STDI,1,3,4,9,B_07,,
CAAM-GB,6,1,16,9,B_08,,
CAIN4,5,2,10,9,B_10,,
STIN,6,3,16,9,B_11,,
CAAN1,2,1,14,9,B_12,,
CAAN2,1,2,9,9,B_13,,
CAAN1,1,1,3,9,B_14,,
CAAM-GB,3,3,8,9,B_16,,
STIN,3,2,6,9,B_17,,
CAAM-GB,2,2,16,9,B_18,,
STIN,6,2,4,9,B_19,,
CAAM-GB,6,2,7,9,B_20,,
STBR3,5,3,3,9,C_01,,
STBR3,6,1,4,9,C_02,,
STTO-BH,7,1,12,9,C_03,,
STIN,6,1,14,9,C_04,,
STIN,6,3,6,9,C_05,,
STDR2,4,1,5,9,C_06,,
CAAM-GB,2,1,6,9,C_08,,
CAIN4,6,1,8,9,C_09,,
STDR2,5,1,14,9,C_11,,
STGL1,6,3,4,9,C_12,,
STPO1,6,1,9,9,C_15,,
CAAN2,4,3,10,9,C_16,,
CAIN4,3,3,16,9,C_17,,
CAAN2,2,1,2,9,C_18,,
STIN,2,3,4,9,C_20,,
CAAM-GB,7,3,13,9,D_01,,
STDR2,7,3,15,9,D_02,,
CAIN4,5,2,13,9,D_03,,
STDI,6,3,4,9,D_04,,
STIN,5,3,6,9,D_05,,
CAIN4,1,2,7,9,D_06,,
CAIN4,4,1,10,9,D_07,,
CAAN1,5,3,1,9,D_08,,
CAAM-GB,1,2,4,9,D_09,,
CAAM-GB,6,2,8,9,D_11,,
blank,3,3,4,9,D_12,,
STDR2,6,3,10,9,D_13,,
STDR2,6,2,7,9,D_14,,
STTO-BH,4,2,12,9,D_15,,
CAAN2,4,2,14,9,D_16,,
STIN,2,2,13,9,D_17,,
CAAM-GB,2,3,13,9,D_18,,
CAAN2,6,1,2,9,D_19,,
CAAM-GB,7,3,7,9,E_01,,
CAAM-GB,7,3,11,9,E_02,,
STIN,3,2,11,9,E_03,,
STIN,5,2,8,9,E_04,,
STBR3,4,2,14,9,E_05,,
CAAN2,7,2,4,9,E_06,,
CAAN1,1,2,15,9,E_07,,
STTO-BH,7,1,5,9,E_08,,
STIN,5,1,1,9,E_10,,
CAAM-GB,3,1,16,9,E_11,,
STTO-BH,7,2,6,9,E_12,,
STDI,5,2,15,9,E_13,,
STTO-BH,4,3,4,9,E_14,,
CAAM-GB,2,1,8,9,E_15,,
STDR2,6,1,1,9,E_16,,
STTO-BH,4,2,1,9,E_17,,
STDR2,5,2,11,9,E_18,,
CAAN2,7,1,4,9,E_19,,
CAAN1,4,2,8,9,E_20,,
STDR2,5,3,7,9,F_01,,
STDR2,6,2,15,9,F_02,,
CAIN4,1,1,4,9,F_04,,
STDI,6,2,9,9,F_05,,
STIN,5,1,10,9,F_08,,
blank,5,3,3,9,F_09,,
CAAN1,2,2,8,9,F_10,,
STDI,3,2,8,9,F_11,,
CAIN3,2,3,14,9,F_12,,
STPO1,7,3,11,9,F_13,,
STDR2,6,3,11,9,F_14,,
CACO1,5,2,4,9,F_15,,
STGL1,1,2,7,9,F_16,,
CAIN3,5,3,4,9,F_17,,
CAAN2,4,1,1,9,F_18,,
STDI,6,3,6,9,F_20,,
STDI,4,3,8,9,G_01,,
STIN,1,3,1,9,G_02,,
CAIN4,7,3,15,9,G_03,,
blank,5,2,1,9,G_04,,
STGL1,5,2,13,9,G_05,,
blank,6,3,2,9,G_06,,
CAAN1,2,2,3,9,G_07,,
blank,6,2,1,9,G_08,,
blank,1,2,4,9,G_09,,
STDI,5,1,8,9,G_10,,
STIN,4,3,8,9,G_11,,
CAAN1,6,2,5,9,G_12,,
CAAN2,4,3,16,9,G_13,,
CAIN4,7,2,6,9,G_14,,
STDR2,2,3,13,9,G_15,,
STTO-BH,7,2,14,9,G_16,,
CAIN4,7,2,2,9,G_17,,
CAIN3,6,3,2,9,G_18,,
CAIN3,4,1,13,9,G_19,,
STDR2,4,1,15,9,G_20,,
CAAN2,6,3,15,9,H_01,,
CAIN4,7,1,14,9,H_03,,
CAAM-GB,4,1,10,9,H_04,,
STBR3,1,1,1,9,H_05,,
CAAN2,3,3,4,9,H_06,,
blank,4,2,1,9,H_08,,
STDR2,5,3,12,9,H_09,,
STDR2,4,1,8,9,H_10,,
STDI,4,2,11,9,H_11,,
CACO1,7,2,3,9,H_12,,
CAAN1,4,2,3,9,H_13,,
CAAM-GB,4,2,6,9,H_14,,
CAIN4,3,1,11,9,H_15,,
CAIN4,6,3,13,9,H_16,,
STDI,4,3,6,9,H_17,,
STDR2,3,1,7,9,H_18,,
STTO-BH,2,2,5,9,H_19,,
CAIN3,5,2,16,9,H_20,,
CAAM-GB,4,2,9,9,I_01,,
CAIN4,1,3,14,9,I_02,,
CAAN2,7,1,14,9,I_03,,
CAAM-GB,1,3,1,9,I_04,,
CAIN3,5,3,9,9,I_05,,
STBR3,7,1,12,9,I_07,,
STGL1,5,1,15,9,I_08,,
STPO1,7,3,16,9,I_09,,
STDR2,5,1,5,9,I_10,,
blank,3,3,1,9,I_11,,
CAAM-GB,6,2,14,9,I_12,,
STBR3,7,2,2,9,I_13,,
STTO-BH,7,1,14,9,I_14,,
CAIN3,5,3,12,9,I_15,,
blank,1,3,4,9,I_16,,
STIN,6,1,11,9,I_17,,
CAIN4,3,1,9,9,I_18,,
CAIN3,6,3,14,9,I_19,,
CAIN4,7,2,11,9,J_01,,
STDR2,6,2,12,9,J_02,,
CAAN1,7,2,9,9,J_03,,
CAAN2,4,3,15,9,J_04,,
STGL1,4,3,10,9,J_05,,
CAIN4,1,1,2,9,J_06,,
STTO-BH,4,2,8,9,J_07,,
STDR2,6,2,9,9,J_08,,
CAIN4,7,2,9,9,J_09,,
CAIN4,7,3,2,9,J_10,,
STIN,5,2,6,9,J_12,,
CAAN2,2,1,3,9,J_13,,
STBR3,4,2,12,9,J_14,,
CAAM-GB,5,3,7,9,J_15,,
STDR2,6,2,8,9,J_16,,
CAAM-GB,5,1,8,9,J_17,,
STPO1,6,2,7,9,J_19,,
STIN,6,2,3,9,J_20,,
STGL1,6,2,15,1,A_01,,
CAAN1,7,3,16,1,A_02,,
STGL1,4,3,15,1,A_03,,
STDR2,3,1,11,1,A_05,,
STBR3,4,2,3,1,A_06,,
STPO1,2,2,13,1,A_08,,
STTO-BH,4,3,6,1,A_09,,
CAAM-GB,5,1,11,1,A_10,,
CAAM-GB,2,2,10,1,A_11,,
CAAM-GB,5,3,12,1,A_13,,
CAAM-GB,2,3,9,1,A_14,,
CAIN4,4,3,3,1,A_15,,
CAAM-GB,7,2,13,1,A_16,,
CAIN3,4,1,14,1,A_17,,
STGL1,3,2,7,1,A_18,,
CAAN1,5,2,7,1,A_19,,
CAIN4,5,2,14,1,A_20,,
CACO1,6,3,1,1,B_01,,
CAAN1,3,3,14,1,B_02,,
STDI,5,1,4,1,B_04,,
CAAN1,7,3,11,1,B_05,,
STDR2,7,2,4,1,B_06,,
CAAM-GB,2,2,8,1,B_07,,
CAAN2,2,3,12,1,B_09,,
STBR3,5,3,2,1,B_11,,
STGL1,7,3,11,1,B_12,,
STPO1,7,3,5,1,B_13,,
CAAN1,4,2,11,1,B_14,,
STDR2,3,1,10,1,B_15,,
STIN,7,3,1,1,B_16,,
STDR2,7,1,7,1,B_17,,
STGL1,4,2,16,1,B_19,,
CAAN2,1,1,16,1,B_20,,
CAAM-GB,7,1,11,1,C_01,,
STDR2,7,2,3,1,C_02,,
STGL1,7,1,9,1,C_03,,
CACO1,1,3,2,1,C_04,,
STGL1,7,1,6,1,C_05,,
CAAM-GB,3,2,6,1,C_06,,
CAIN4,4,3,10,1,C_07,,
STTO-BH,4,2,13,1,C_09,,
CAAN1,5,2,1,1,C_10,,
CAIN3,6,2,11,1,C_11,,
CAAN2,1,1,15,1,C_12,,
CAIN4,2,3,9,1,C_13,,
CAAM-GB,4,2,1,1,C_14,,
CAAN2,1,3,4,1,C_15,,
STIN,1,2,16,1,C_17,,
STIN,2,1,10,1,C_18,,
STIN,4,3,6,1,C_19,,
CAIN3,2,3,2,1,D_01,,
STBR3,7,2,1,1,D_03,,
STGL1,7,2,10,1,D_04,,
STIN,6,3,3,1,D_05,,
blank,2,3,1,1,D_06,,
CAAM-GB,6,1,13,1,D_07,,
CAIN4,4,2,3,1,D_08,,
STIN,7,2,16,1,D_09,,
STIN,1,2,3,1,D_10,,
STPO1,1,1,11,1,D_11,,
CACO1,4,3,1,1,D_12,,
STBR3,6,1,8,1,D_13,,
STTO-BH,7,2,16,1,D_14,,
CAAM-GB,6,1,5,1,D_15,,
CAIN4,4,3,5,1,D_16,,
STDR2,6,3,1,1,D_18,,
CAAM-GB,5,1,3,1,D_19,,
STDR2,6,1,2,1,D_20,,
CAIN3,6,3,13,1,E_01,,
CAAN2,7,1,6,1,E_02,,
STIN,7,2,13,1,E_03,,
CAAN2,2,1,13,1,E_04,,
CAAN2,1,3,16,1,E_05,,
STIN,2,3,8,1,E_06,,
STIN,5,3,12,1,E_07,,
blank,7,3,2,1,E_08,,
STDI,5,2,14,1,E_09,,
CAAN2,3,1,9,1,E_10,,
CACO1,4,3,4,1,E_11,,
CAAN1,2,2,13,1,E_13,,
CAAM-GB,1,3,3,1,E_14,,
CAAN2,2,1,15,1,E_15,,
CAIN3,5,1,7,1,E_16,,
CAAN2,2,2,3,1,E_17,,
CAAM-GB,6,3,2,1,E_18,,
CAAN2,2,1,5,1,E_19,,
STDI,2,1,14,1,E_20,,
CAAM-GB,5,1,6,1,F_01,,
STGL1,5,1,7,1,F_02,,
CAIN4,3,1,8,1,F_03,,
STBR3,7,2,7,1,F_04,,
STPO1,1,3,6,1,F_06,,
STBR3,5,1,12,1,F_09,,
CAIN4,5,2,12,1,F_10,,
CACO1,1,2,1,1,F_11,,
STIN,1,3,16,1,F_12,,
STDR2,2,3,2,1,F_13,,
blank,7,2,4,1,F_14,,
STBR3,6,1,16,1,F_15,,
CAAM-GB,5,1,7,1,F_16,,
STDR2,4,1,1,1,F_17,,
CAIN4,4,3,8,1,F_18,,
STDR2,7,1,5,1,F_20,,
CAIN4,6,1,3,1,G_02,,
CAAN1,6,1,11,1,G_03,,
CAIN4,2,1,5,1,G_04,,
CAAN2,3,2,9,1,G_05,,
CAAM-GB,4,2,5,1,G_06,,
STIN,5,2,14,1,G_07,,
CAAN1,7,1,9,1,G_08,,
CAAM-GB,1,1,3,1,G_09,,
STDI,3,3,1,1,G_10,,
CAIN4,2,3,15,1,G_11,,
CAAN2,2,1,12,1,G_12,,
STBR3,7,2,10,1,G_13,,
CAAN2,4,2,4,1,G_14,,
CAIN3,4,2,6,1,G_15,,
STDI,7,3,12,1,G_18,,
STDR2,4,3,16,1,G_19,,
CAAN2,1,1,14,1,G_20,,
CAAN1,5,3,15,1,H_01,,
STDR2,7,2,13,1,H_03,,
STPO1,5,2,10,1,H_04,,
STDI,6,2,3,1,H_05,,
STDR2,7,1,2,1,H_06,,
STDR2,5,3,6,1,H_07,,
CAIN4,5,2,9,1,H_09,,
STBR3,5,1,4,1,H_10,,
STPO1,5,1,8,1,H_12,,
CACO1,5,2,1,1,H_13,,
STPO1,2,1,2,1,H_14,,
CACO1,4,2,4,1,H_15,,
STDR2,7,3,1,1,H_16,,
STIN,6,1,13,1,H_17,,
blank,5,2,3,1,H_18,,
STBR3,1,2,14,1,H_19,,
CAIN3,7,1,16,1,H_20,,
STIN,5,1,3,1,I_01,,
CAIN3,2,2,4,1,I_02,,
CAAN1,4,1,2,1,I_03,,
CAAN2,6,2,12,1,I_04,,
blank,7,1,1,1,I_05,,
CAAN2,6,2,6,1,I_06,,
STGL1,6,2,2,1,I_07,,
CAAN1,5,1,13,1,I_08,,
STBR3,4,2,5,1,I_09,,
STBR3,2,3,4,1,I_10,,
CAIN4,4,1,5,1,I_11,,
CAAM-GB,5,2,4,1,I_12,,
CAIN4,7,1,1,1,I_13,,
STDR2,7,1,4,1,I_14,,
CAAM-GB,4,2,4,1,I_15,,
blank,5,3,2,1,I_16,,
CAAN1,2,2,4,1,I_17,,
STGL1,3,3,11,1,I_19,,
CAIN4,7,3,14,1,I_20,,
STTO-BH,6,3,16,1,J_02,,
STDR2,5,2,7,1,J_03,,
STPO1,1,2,16,1,J_04,,
STDR2,6,2,6,1,J_05,,
blank,3,2,1,1,J_06,,
STIN,6,2,10,1,J_07,,
CAIN4,5,1,11,1,J_08,,
CAAM-GB,7,1,5,1,J_09,,
CAIN4,4,3,7,1,J_10,,
STDR2,2,3,1,1,J_11,,
CAAN1,4,1,4,1,J_12,,
STTO-BH,2,2,2,1,J_13,,
STIN,5,3,13,1,J_14,,
CAIN3,1,3,5,1,J_15,,
CAAN1,5,1,4,1,J_16,,
STDR2,3,3,6,1,J_17,,
CAAN2,7,1,1,1,J_18,,
CACO1,5,3,2,1,J_19,,
CAIN4,4,1,13,1,J_20,,
CAAM-GB,6,2,11,2,A_01,,
CAAN1,3,1,1,2,A_02,,
STDI,6,1,11,2,A_04,,
STDI,1,2,8,2,A_05,,
CAIN4,4,3,12,2,A_06,,
CAAM-GB,1,3,8,2,A_07,,
CAAN2,7,1,10,2,A_08,,
CACO1,6,2,3,2,A_09,,
CAIN3,5,2,14,2,A_10,,
CAAN1,6,2,1,2,A_11,,
CAIN3,4,2,11,2,A_12,,
CACO1,2,3,1,2,A_13,,
STDR2,5,3,3,2,A_14,,
STIN,5,2,1,2,A_15,,
CAIN3,6,2,13,2,A_16,,
CAAM-GB,1,3,5,2,A_17,,
CAAM-GB,5,1,13,2,A_18,,
STDI,4,1,12,2,A_19,,
CAIN4,1,3,16,2,A_20,,
STGL1,6,1,6,2,B_01,,
CAAN2,1,3,10,2,B_02,,
STGL1,1,1,14,2,B_03,,
CAIN3,7,3,13,2,B_04,,
CAAN2,4,2,3,2,B_05,,
CAIN4,6,2,1,2,B_06,,
CAIN3,2,1,12,2,B_07,,
CAAM-GB,2,2,1,2,B_08,,
STDI,6,1,9,2,B_09,,
CAAM-GB,5,2,15,2,B_11,,
CAIN4,5,2,2,2,B_12,,
CAAM-GB,7,3,14,2,B_13,,
CACO1,5,1,1,2,B_14,,
CAAN2,7,1,2,2,B_15,,
CAAM-GB,2,1,13,2,B_16,,
CAIN4,5,1,9,2,B_17,,
CAAM-GB,1,1,9,2,B_18,,
CAAN1,7,1,13,2,B_19,,
CAIN3,2,3,15,2,B_20,,
STDI,2,2,1,2,C_02,,
CAIN4,5,1,12,2,C_03,,
STDI,7,2,2,2,C_04,,
STDR2,6,3,5,2,C_05,,
CAAN2,4,3,1,2,C_06,,
blank,6,3,3,2,C_07,,
STDI,7,2,10,2,C_08,,
STDR2,7,3,11,2,C_09,,
STBR3,5,2,9,2,C_10,,
CAAN1,6,3,14,2,C_11,,
STPO1,1,2,5,2,C_12,,
STPO1,7,2,8,2,C_13,,
CAAN1,4,2,12,2,C_14,,
blank,6,2,3,2,C_15,,
CAAN1,1,3,10,2,C_16,,
STDR2,1,2,11,2,C_17,,
CAAM-GB,4,3,6,2,C_18,,
CAAN1,4,2,10,2,C_19,,
CAIN3,5,2,9,2,C_20,,
CAAM-GB,3,1,15,2,D_01,,
STDI,5,3,14,2,D_02,,
STDR2,6,2,4,2,D_03,,
STGL1,5,1,9,2,D_04,,
STDI,7,1,9,2,D_05,,
STDR2,5,2,9,2,D_06,,
CAAN2,3,1,15,2,D_07,,
STTO-BH,4,3,2,2,D_08,,
CAIN3,7,2,16,2,D_09,,
CAAN2,7,3,5,2,D_10,,
STBR3,3,1,13,2,D_12,,
CAAN1,3,2,7,2,D_14,,
STDI,5,1,16,2,D_16,,
CAAN2,2,2,14,2,D_17,,
CAAN2,5,1,10,2,D_18,,
CACO1,2,3,3,2,D_19,,
CAIN4,7,3,5,2,D_20,,
STIN,5,3,15,2,E_01,,
STGL1,6,1,16,2,E_02,,
CAAN2,7,3,16,2,E_03,,
CAAN2,5,1,7,2,E_04,,
CAAM-GB,1,2,13,2,E_05,,
STDI,5,3,4,2,E_06,,
CAAM-GB,6,2,3,2,E_07,,
STBR3,7,2,6,2,E_08,,
CAAN1,1,2,2,2,E_10,,
CAAM-GB,5,3,8,2,E_11,,
CAAM-GB,4,1,7,2,E_12,,
STDI,1,3,11,2,E_13,,
CAAM-GB,1,1,15,2,E_14,,
STIN,2,3,11,2,E_15,,
CAAM-GB,4,1,6,2,E_17,,
STBR3,7,3,14,2,E_18,,
CAIN3,3,1,13,2,E_19,,
STTO-BH,5,2,6,2,F_01,,
blank,7,2,3,2,F_02,,
CAAN2,7,2,11,2,F_03,,
CAAN1,1,2,7,2,F_05,,
STIN,3,2,3,2,F_07,,
CAIN3,2,2,1,2,F_08,,
CACO1,1,1,1,2,F_09,,
CAIN3,6,3,10,2,F_10,,
CAAN1,6,2,8,2,F_14,,
blank,2,1,1,2,F_15,,
STTO-BH,4,2,6,2,F_16,,
CAAN1,2,3,10,2,F_18,,
CAAM-GB,4,3,4,2,F_19,,
STDR2,4,3,15,2,F_20,,
STGL1,6,2,3,2,G_01,,
CAAM-GB,7,2,14,2,G_02,,
CAAM-GB,6,1,12,2,G_04,,
STIN,3,1,1,2,G_05,,
CAAN2,4,3,8,2,G_06,,
CAIN3,6,3,16,2,G_07,,
STIN,6,2,2,2,G_08,,
CACO1,2,1,1,2,G_09,,
CAIN4,2,2,4,2,G_10,,
STDI,5,1,7,2,G_11,,
CAIN4,5,2,11,2,G_12,,
STDR2,7,2,10,2,G_13,,
STDI,4,2,1,2,G_14,,
STIN,3,3,15,2,G_15,,
STIN,5,3,14,2,G_16,,
STGL1,5,3,13,2,G_17,,
CAAM-GB,7,1,14,2,G_18,,
blank,7,1,3,2,G_20,,
STTO-BH,5,2,2,2,H_01,,
STGL1,4,2,11,2,H_02,,
STGL1,4,2,15,2,H_03,,
STBR3,5,1,2,2,H_04,,
STPO1,7,2,5,2,H_05,,
CAIN4,6,1,12,2,H_06,,
STIN,7,3,15,2,H_07,,
STIN,5,1,13,2,H_08,,
STDI,4,3,15,2,H_09,,
STDI,1,1,6,2,H_11,,
STDR2,2,1,9,2,H_13,,
CAIN4,4,1,4,2,H_14,,
CAIN4,6,2,4,2,H_16,,
CAAM-GB,4,3,9,2,H_17,,
CAIN3,2,1,2,2,H_18,,
CAAN2,7,2,7,2,H_19,,
blank,7,3,3,2,H_20,,
STBR3,7,3,9,2,I_01,,
STIN,1,2,10,2,I_02,,
STDR2,4,1,11,2,I_04,,
STTO-BH,7,1,3,2,I_05,,
STIN,7,1,3,2,I_06,,
STDI,7,3,10,2,I_07,,
CAAN1,4,1,8,2,I_08,,
CAAN2,2,1,6,2,I_09,,
CAIN3,5,1,3,2,I_10,,
STPO1,4,2,8,2,I_11,,
CAIN4,3,1,7,2,I_12,,
CAIN3,7,1,12,2,I_14,,
STPO1,1,3,9,2,I_15,,
CAIN4,7,2,13,2,I_16,,
CAIN4,1,2,10,2,I_17,,
STIN,4,2,5,2,I_18,,
blank,4,2,2,2,I_20,,
STTO-BH,5,2,12,2,J_01,,
CAAM-GB,6,3,15,2,J_02,,
CAAN1,3,2,4,2,J_03,,
STDI,4,1,3,2,J_04,,
STIN,7,2,7,2,J_05,,
CAAM-GB,4,2,16,2,J_06,,
STDI,1,3,2,2,J_07,,
STDI,5,1,14,2,J_08,,
CAAM-GB,6,1,11,2,J_09,,
STDR2,3,1,9,2,J_10,,
STDI,6,2,6,2,J_11,,
CAAM-GB,6,1,8,2,J_12,,
CAAN1,4,3,4,2,J_13,,
CACO1,7,2,1,2,J_14,,
CAAM-GB,2,2,14,2,J_15,,
STDR2,3,3,16,2,J_16,,
CAAN1,3,3,9,2,J_17,,
STGL1,5,1,8,2,J_18,,
CAIN4,6,3,14,2,J_19,,
STDR2,7,1,13,2,J_20,,
CAAN1,2,3,5,4,A_02,,
STBR3,7,3,6,4,A_04,,
STDI,7,2,11,4,A_05,,
CAAM-GB,5,1,14,4,A_07,,
CAAM-GB,2,1,9,4,A_08,,
STGL1,2,1,13,4,A_09,,
CAIN4,7,2,12,4,A_10,,
STIN,2,1,4,4,A_11,,
STTO-BH,4,3,14,4,A_12,,
STDI,5,3,12,4,A_13,,
CAIN4,6,3,4,4,A_14,,
CAIN4,1,3,2,4,A_15,,
STBR3,1,3,2,4,A_16,,
CAAN2,7,1,12,4,A_17,,
blank,6,3,1,4,A_18,,
STBR3,3,1,1,4,A_19,,
CAIN4,7,2,5,4,A_20,,
CAAM-GB,6,2,6,4,B_01,,
STDI,6,1,1,4,B_02,,
blank,1,1,4,4,B_03,,
STBR3,1,2,1,4,B_04,,
CAIN3,4,2,14,4,B_05,,
CAAN2,2,1,16,4,B_06,,
STIN,4,2,16,4,B_07,,
CAAM-GB,1,3,6,4,B_08,,
CAIN4,5,2,5,4,B_09,,
CAAN1,3,3,11,4,B_10,,
CAAM-GB,1,2,2,4,B_11,,
CAAM-GB,1,2,8,4,B_12,,
STDI,5,1,5,4,B_13,,
CAIN4,6,2,9,4,B_15,,
STDI,2,1,10,4,B_16,,
CAAN1,2,3,7,4,B_19,,
STPO1,4,2,12,4,B_20,,
STDI,7,1,7,4,C_01,,
STDI,5,1,9,4,C_02,,
CAAN2,1,2,1,4,C_04,,
CAIN4,1,2,1,4,C_05,,
STGL1,6,3,1,4,C_06,,
CAAM-GB,2,2,15,4,C_07,,
STIN,6,2,13,4,C_08,,
CAAM-GB,6,1,14,4,C_09,,
STDI,3,2,9,4,C_11,,
CAAM-GB,6,3,8,4,C_12,,
CAAN2,7,2,8,4,C_13,,
STIN,2,2,15,4,C_14,,
STIN,7,3,6,4,C_15,,
STIN,5,2,4,4,C_16,,
CAAN1,6,2,16,4,C_18,,
CAAN2,7,3,14,4,C_19,,
CAAN2,2,3,5,4,C_20,,
STGL1,6,1,2,4,D_01,,
CAAN2,4,2,10,4,D_02,,
STIN,5,1,4,4,D_03,,
CAAN1,2,3,6,4,D_04,,
STTO-BH,4,3,13,4,D_05,,
CAIN3,5,3,8,4,D_06,,
STTO-BH,7,3,9,4,D_07,,
STIN,4,1,9,4,D_08,,
STGL1,6,1,3,4,D_09,,
STBR3,4,3,3,4,D_10,,
blank,5,3,4,4,D_11,,
blank,4,1,3,4,D_12,,iButton in this Cone
CAIN4,4,3,9,4,D_14,,
CAAN1,1,3,3,4,D_16,,
blank,3,1,4,4,D_17,,
STDR2,5,3,4,4,D_18,,
CAAM-GB,5,3,15,4,D_19,,
STDI,4,1,2,4,D_20,,
CAAM-GB,4,1,15,4,E_01,,
STIN,7,3,14,4,E_02,,
STTO-BH,4,2,4,4,E_03,,
STPO1,7,3,6,4,E_04,,
CAAN2,4,2,16,4,E_05,,
CAAM-GB,6,2,10,4,E_06,,
STGL1,1,1,4,4,E_07,,
STDR2,1,2,12,4,E_08,,
STDR2,4,2,3,4,E_09,,
CAAN2,5,3,5,4,E_10,,
CAAN2,7,2,9,4,E_11,,
CAAN1,6,3,6,4,E_12,,
STGL1,5,1,11,4,E_13,,
STPO1,5,1,10,4,E_14,,
STDI,4,2,6,4,E_15,,
CAAM-GB,7,2,4,4,E_16,,
CAAN2,1,3,1,4,E_17,,
STIN,5,3,10,4,E_18,,
CAAN1,3,2,6,4,E_19,,
CAIN4,4,1,7,4,E_20,,
CAIN3,5,2,8,4,F_01,,
STDI,7,2,8,4,F_02,,
CAIN3,7,2,14,4,F_03,,
CACO1,5,2,2,4,F_04,,
STGL1,3,2,5,4,F_05,,
CAIN3,5,2,6,4,F_06,,
STDR2,6,3,13,4,F_07,,
CAAM-GB,7,2,7,4,F_09,,
CAAN1,6,3,16,4,F_11,,
STDI,6,3,7,4,F_12,,
CAAN2,7,3,15,4,F_13,,
STIN,4,2,8,4,F_14,,
STDI,1,1,7,4,F_15,,
STDR2,6,1,8,4,F_16,,
STDR2,6,3,15,4,F_17,,
STIN,7,2,14,4,F_19,,
CAIN3,2,1,9,4,F_20,,
CAAN1,7,3,10,4,G_01,,
CAIN4,3,2,2,4,G_02,,
CAAN2,2,3,14,4,G_03,,
STBR3,6,2,16,4,G_04,,
STDI,1,2,5,4,G_05,,
CAIN4,6,3,15,4,G_06,,
CAIN3,4,1,8,4,G_07,,
STDI,5,1,6,4,G_08,,
STDR2,4,2,8,4,G_09,,
STDI,7,2,13,4,G_11,,
CAIN4,7,3,9,4,G_13,,
CAAN2,5,2,14,4,G_14,,
CAAN1,6,3,4,4,G_15,,
STDR2,7,1,3,4,G_16,,
CACO1,4,1,2,4,G_17,,
CAAM-GB,6,2,16,4,G_18,,
CACO1,5,2,3,4,G_19,,
CAAN2,7,2,3,4,G_20,,
STGL1,7,3,3,4,H_01,,
STBR3,7,3,5,4,H_02,,
STGL1,1,3,16,4,H_03,,
STPO1,3,1,10,4,H_04,,
STBR3,2,1,10,4,H_05,,
CAAN1,4,3,10,4,H_07,,
STDR2,7,1,16,4,H_08,,
CAIN3,5,3,6,4,H_09,,
CAAN2,2,2,12,4,H_10,,
CAAM-GB,7,1,13,4,H_11,,
blank,4,3,1,4,H_12,,
CAAM-GB,7,1,4,4,H_13,,
CAAN1,5,1,16,4,H_14,,
CAAN1,5,3,7,4,H_15,,
CAIN4,3,3,5,4,H_16,,
STDR2,5,3,15,4,H_17,,
STGL1,3,3,10,4,H_19,,
STIN,2,1,15,4,H_20,,
CAAM-GB,3,1,11,4,I_01,,
STGL1,7,1,15,4,I_02,,
STDI,7,3,8,4,I_03,,
CAAN2,3,2,4,4,I_04,,
CAAM-GB,7,3,3,4,I_05,,
STDR2,7,2,8,4,I_06,,
STDI,3,1,14,4,I_09,,
STDI,4,1,6,4,I_10,,
CAAM-GB,6,3,4,4,I_12,,
STBR3,5,1,15,4,I_13,,
CAAN1,3,2,8,4,I_14,,
STGL1,2,1,5,4,I_16,,
CAAM-GB,1,1,7,4,I_17,,
STDI,4,2,10,4,I_18,,
STIN,4,1,7,4,I_19,,
STBR3,6,3,5,4,I_20,,
STBR3,4,2,6,4,J_01,,
CAAM-GB,5,2,10,4,J_03,,
CAAN1,7,3,15,4,J_05,,
STDI,2,3,1,4,J_06,,
CAAM-GB,4,3,12,4,J_07,,
CAAM-GB,2,1,15,4,J_08,,
CAAM-GB,7,1,9,4,J_09,,
STDR2,5,2,14,4,J_10,,
CAIN4,7,3,13,4,J_11,,
STTO-BH,7,1,9,4,J_12,,
STDR2,2,1,13,4,J_13,,
CAAN2,1,1,2,4,J_14,,
CAAM-GB,4,1,5,4,J_15,,
STIN,5,2,13,4,J_17,,
STIN,5,3,5,4,J_19,,
blank,3,1,3,4,J_20,,
STDI,3,1,1,3,A_01,,
STDR2,2,1,14,3,A_02,,
CAAN1,6,3,7,3,A_03,,
CAAM-GB,1,2,3,3,A_04,,
CAIN3,7,3,8,3,A_05,,
STTO-BH,6,2,2,3,A_06,,
STDI,5,2,13,3,A_07,,
STTO-BH,6,1,12,3,A_08,,
STTO-BH,1,3,6,3,A_09,,
STDR2,2,1,12,3,A_10,,
CAAM-GB,4,2,10,3,A_11,,
blank,6,2,2,3,A_12,,
CAIN3,7,1,7,3,A_13,,
STIN,7,2,8,3,A_14,,
CAAM-GB,6,3,10,3,A_15,,
STBR3,6,2,3,3,A_16,,
STPO1,2,3,10,3,A_17,,
STDI,7,3,11,3,A_18,,
STDI,5,2,2,3,A_19,,
CAIN3,6,3,6,3,A_20,,
CAAN2,6,3,10,3,B_01,,
CAIN3,5,2,13,3,B_02,,
STIN,3,2,7,3,B_03,,
STBR3,7,1,15,3,B_04,,
STDI,7,1,2,3,B_05,,
CAAN1,7,2,14,3,B_08,,
STIN,6,1,16,3,B_09,,
CAAN2,5,1,11,3,B_11,,
CAIN3,4,2,5,3,B_13,,
CAAN2,5,2,8,3,B_14,,
CAAN2,6,1,4,3,B_15,,
STIN,3,2,13,3,B_16,,
CAIN4,2,3,16,3,B_17,,
STIN,5,3,2,3,B_18,,
STPO1,3,3,8,3,B_19,,
STTO-BH,7,3,12,3,C_01,,
blank,2,2,4,3,C_03,,
CAAM-GB,3,2,3,3,C_04,,
STDR2,4,2,2,3,C_05,,
blank,2,2,2,3,C_06,,
STTO-BH,4,2,9,3,C_07,,
STIN,5,3,1,3,C_08,,
STIN,5,3,8,3,C_10,,
CAIN4,4,2,7,3,C_11,,
STDI,7,2,16,3,C_12,,
STBR3,6,1,15,3,C_13,,
STIN,1,1,5,3,C_15,,
CAAN1,2,2,9,3,C_16,,
CAIN4,4,3,16,3,C_17,,
CAAN2,3,2,14,3,C_19,,
STIN,7,1,11,3,C_20,,
CAAM-GB,2,1,4,3,D_01,,
STBR3,2,3,12,3,D_02,,
CAAN1,6,2,14,3,D_03,,
CAAM-GB,2,3,5,3,D_04,,
CAAM-GB,7,1,1,3,D_05,,
CAAN1,1,1,14,3,D_06,,
CAAM-GB,7,1,3,3,D_07,,
CAAN2,1,3,9,3,D_08,,
CAAN1,5,2,12,3,D_09,,
STIN,4,3,14,3,D_10,,
STIN,2,3,15,3,D_11,,
STIN,7,2,10,3,D_12,,
STIN,6,3,1,3,D_13,,
CAIN3,5,2,5,3,D_15,,
CAIN3,2,2,15,3,D_16,,
STDR2,5,2,1,3,D_17,,
STBR3,4,1,12,3,D_18,,
CAAN2,4,3,9,3,D_20,,
STDR2,2,1,6,3,E_01,,
CAAN2,5,2,4,3,E_02,,
blank,7,3,4,3,E_03,,
STPO1,3,1,1,3,E_04,,
STIN,6,2,14,3,E_05,,
CAIN3,2,3,7,3,E_06,,
CAAN2,2,3,3,3,E_07,,
CAAM-GB,5,2,14,3,E_09,,
CAAM-GB,1,1,13,3,E_10,,
blank,1,3,2,3,E_11,,
CAAM-GB,1,3,11,3,E_12,,
blank,3,1,2,3,E_13,,
CAIN3,4,1,4,3,E_14,,
STDI,5,1,12,3,E_15,,
STIN,7,3,8,3,E_16,,
CACO1,4,3,2,3,E_17,,
STDI,1,2,7,3,E_18,,
STIN,4,2,13,3,E_19,,
CAAN2,3,3,12,3,E_20,,
STDI,7,3,2,3,F_01,,
CAAM-GB,3,1,12,3,F_02,,
STPO1,7,2,14,3,F_03,,
STGL1,5,2,5,3,F_04,,
STGL1,5,3,11,3,F_06,,
STDI,4,1,15,3,F_07,,
STBR3,7,3,10,3,F_09,,
CAAN1,2,3,3,3,F_10,,
CAAN2,7,3,4,3,F_11,,
CAAM-GB,4,1,16,3,F_12,,
STDI,4,1,13,3,F_13,,
CAAN1,6,3,10,3,F_14,,
STTO-BH,7,2,2,3,F_15,,
STGL1,7,3,12,3,F_16,,
CAAM-GB,7,2,6,3,F_17,,
STDR2,4,3,14,3,F_18,,
CACO1,3,2,1,3,F_19,,
CAAM-GB,3,1,10,3,F_20,,
STIN,5,2,7,3,G_01,,
CAAN2,7,2,2,3,G_02,,
STGL1,7,2,5,3,G_03,,
STBR3,5,2,5,3,G_04,,
STDR2,7,3,9,3,G_05,,
STGL1,7,2,4,3,G_06,,
CAIN4,4,3,6,3,G_07,,
CAAM-GB,5,1,16,3,G_08,,
STGL1,4,2,13,3,G_09,,
CAAM-GB,7,1,6,3,G_11,,
STGL1,7,1,5,3,G_12,,
STBR3,6,3,2,3,G_13,,
CAAN2,5,2,9,3,G_14,,
STIN,5,1,8,3,G_18,,
blank,1,3,1,3,G_20,,
CAAN2,1,2,8,3,H_03,,
CAAM-GB,7,1,10,3,H_04,,
CAAN2,3,2,6,3,H_05,,
STDR2,1,1,15,3,H_06,,
CAIN3,2,1,14,3,H_08,,
STGL1,3,2,14,3,H_09,,
STDR2,7,1,10,3,H_11,,
STDI,6,2,8,3,H_12,,
STDI,7,2,9,3,H_13,,
CAAN1,3,1,2,3,H_14,,
CAAM-GB,1,3,9,3,H_15,,
CAAM-GB,2,1,1,3,H_18,,
STDR2,7,2,6,3,H_19,,
STDR2,7,1,6,3,H_20,,
STDI,6,2,10,3,I_01,,
STDR2,2,1,11,3,I_02,,
STBR3,6,3,10,3,I_03,,
STIN,7,1,16,3,I_04,,
CAAM-GB,2,2,2,3,I_05,,
STGL1,1,1,12,3,I_06,,
STDR2,7,2,9,3,I_07,,
CAAN2,5,2,7,3,I_09,,
CAIN4,1,2,12,3,I_10,,
CAAN1,6,2,13,3,I_13,,
CAIN4,5,1,13,3,I_14,,
STPO1,4,2,3,3,I_15,,
CAAN2,7,1,5,3,I_16,,
CAAN2,4,2,2,3,I_17,,
STPO1,5,2,4,3,I_18,,
STIN,7,1,10,3,I_19,,
STIN,6,1,8,3,I_20,,
STDI,4,2,5,3,J_01,,
STBR3,7,3,8,3,J_02,,
CAAM-GB,6,1,1,3,J_03,,
CACO1,7,1,4,3,J_04,,
CAAN2,5,2,16,3,J_05,,
STDI,2,2,2,3,J_06,,
STPO1,6,1,8,3,J_08,,
STDI,5,3,8,3,J_09,,
STDI,1,3,15,3,J_10,,
STTO-BH,7,1,16,3,J_11,,
STDI,4,2,16,3,J_12,,
CAAM-GB,7,1,16,3,J_13,,
CAAM-GB,5,3,13,3,J_15,,
STDR2,4,3,6,3,J_17,,
CAIN3,7,2,11,3,J_19,,
CAAM-GB,3,2,8,3,J_20,,
CAAN1,5,2,4,11,A_02,,
CAAN2,2,3,2,11,A_03,,
CAAM-GB,5,2,7,11,A_04,,
STDI,7,3,16,11,A_05,,
STDR2,3,1,16,11,A_05,,
STGL1,6,1,8,11,A_06,,
STGL1,7,2,16,11,A_07,,
STGL1,3,2,10,11,A_08,,
STPO1,2,3,12,11,A_09,,
CAIN3,3,1,1,11,A_10,,
CAAM-GB,7,3,4,11,A_11,,
blank,4,2,3,11,A_12,,
CAAN1,2,1,13,11,A_15,,
STIN,5,1,6,11,A_16,,
STTO-BH,5,1,3,11,A_17,,
CAAM-GB,5,2,13,11,A_18,,
STTO-BH,4,1,11,11,A_19,,
STGL1,1,2,9,11,A_20,,
STDR2,2,2,6,11,B_01,,
CAAN2,1,3,2,11,B_02,,
CAIN4,7,1,9,11,B_03,,
STTO-BH,4,1,3,11,B_05,,
STGL1,2,1,6,11,B_06,,
STDR2,6,1,10,11,B_07,,
CAAN2,2,2,11,11,B_08,,
STBR3,6,3,12,11,B_09,,
CAIN3,7,2,12,11,B_10,,
CAAN2,4,3,3,11,B_12,,
STIN,2,2,10,11,B_13,,
STDI,5,2,12,11,B_14,,
CAAN2,4,3,6,11,B_15,,
blank,4,3,3,11,B_16,,
CAAM-GB,6,3,11,11,B_17,,
CAAN2,3,1,6,11,B_18,,
STDI,5,3,15,11,B_19,,
STDR2,7,1,8,11,B_20,,
CACO1,4,1,1,11,C_01,,
CAAN1,7,3,8,11,C_02,,
CAAM-GB,6,1,3,11,C_03,,
CAAN1,2,2,15,11,C_04,,
STGL1,7,3,4,11,C_05,,
CAAM-GB,5,3,4,11,C_06,,
STDR2,2,2,12,11,C_07,,
CAIN4,4,2,14,11,C_08,,
CAIN4,5,2,15,11,C_10,,
CAAN1,4,3,5,11,C_11,,
STDR2,7,3,3,11,C_12,,
blank,5,3,1,11,C_13,,
STGL1,6,1,14,11,C_14,,
STDR2,4,2,1,11,C_15,,
STBR3,7,3,1,11,C_17,,
STDI,2,3,5,11,C_18,,
CAAN1,5,1,10,11,D_01,,
CAIN4,2,3,7,11,D_02,,
STTO-BH,7,1,7,11,D_03,,
STIN,6,3,9,11,D_04,,
STIN,5,3,9,11,D_05,,
CAAN2,5,1,12,11,D_06,,
STGL1,6,2,6,11,D_07,,
CAAM-GB,6,3,9,11,D_08,,
STDI,4,1,8,11,D_10,,
STBR3,3,3,14,11,D_11,,
CAIN3,4,3,14,11,D_14,,
CAAN2,1,2,2,11,D_15,,
CAAM-GB,3,3,12,11,D_17,,
STPO1,5,3,1,11,D_19,,
STTO-BH,7,2,3,11,D_20,,
STPO1,7,1,4,11,E_01,,
CAAN2,2,1,8,11,E_02,,
CAAN2,3,1,14,11,E_03,,
CAAM-GB,4,3,11,11,E_04,,
CAAM-GB,6,1,9,11,E_05,,
STIN,5,1,2,11,E_06,,
STDR2,3,3,10,11,E_08,,
CAAM-GB,2,3,16,11,E_09,,
STIN,5,1,11,11,E_10,,
CAAM-GB,2,3,12,11,E_11,,
STDI,5,2,11,11,E_12,,
STGL1,4,1,8,11,E_13,,
CAIN4,1,1,6,11,E_15,,
STTO-BH,2,1,9,11,E_16,,
CAIN3,7,3,12,11,E_17,,
STDR2,7,3,6,11,E_19,,
STGL1,6,1,1,11,E_20,,
CAAN2,2,1,4,11,F_01,,
CAAN2,2,3,9,11,F_02,,
STIN,2,1,7,11,F_03,,
STIN,6,2,16,11,F_04,,
STPO1,2,1,10,11,F_05,,
CAIN3,6,3,3,11,F_06,,
STDR2,6,1,12,11,F_07,,
STPO1,7,2,15,11,F_10,,
CAAN1,3,1,5,11,F_11,,
STTO-BH,4,3,5,11,F_12,,
blank,4,3,2,11,F_13,,
CAAN2,6,2,15,11,F_14,,
CACO1,5,3,3,11,F_15,,
CAIN4,7,1,7,11,F_16,,
STIN,6,3,4,11,F_17,,
CAAN1,7,2,12,11,F_18,,
CACO1,7,2,2,11,F_19,,
CAIN4,6,1,13,11,F_20,,
CAIN3,5,3,15,11,G_01,,
STPO1,3,1,4,11,G_02,,
CAIN3,4,2,12,11,G_03,,
STDR2,2,3,8,11,G_04,,
STDI,6,1,2,11,G_05,,
CAAM-GB,6,2,13,11,G_06,,
CAAM-GB,6,2,1,11,G_08,,
CAAN1,7,1,11,11,G_09,,
CAIN4,6,3,10,11,G_10,,
CACO1,4,3,3,11,G_11,,
STBR3,7,1,11,11,G_12,,
CAAM-GB,1,2,5,11,G_13,,
CAAN1,5,1,6,11,G_14,,
CACO1,7,3,3,11,G_15,,
STTO-BH,4,1,16,11,G_16,,
STDI,5,2,10,11,G_17,,
CAAN2,4,3,5,11,G_18,,
CAIN4,7,2,1,11,G_19,,
STDR2,6,3,16,11,H_01,,
CAIN3,4,1,16,11,H_02,,
STDI,7,1,8,11,H_03,,
STIN,6,3,7,11,H_04,,
blank,1,2,3,11,H_05,,
CAAN1,3,3,8,11,H_06,,
STPO1,1,2,13,11,H_07,,
STTO-BH,2,1,10,11,H_08,,
CAAM-GB,7,3,8,11,H_09,,
CAAN2,4,2,1,11,H_11,,
CAIN3,3,1,3,11,H_12,,
CAAM-GB,6,3,5,11,H_13,,
STBR3,7,1,14,11,H_14,,
STTO-BH,2,1,12,11,H_15,,
CAIN4,6,2,6,11,H_16,,
CAAN2,1,1,1,11,H_17,,
CAIN3,7,3,7,11,H_18,,
blank,6,1,3,11,H_19,,iButton in this Cone
STBR3,5,2,7,11,I_01,,
STPO1,3,1,15,11,I_02,,
CAAN2,2,2,1,11,I_03,,
CAAN2,1,3,7,11,I_04,,
CAAN1,4,1,7,11,I_05,,
CAAN2,2,3,10,11,I_06,,
CAIN4,6,3,11,11,I_07,,
CACO1,7,2,4,11,I_08,,
CAIN3,7,2,13,11,I_09,,
CAAM-GB,7,1,15,11,I_10,,
STDR2,7,2,5,11,I_11,,
STDI,4,3,7,11,I_12,,
STDI,1,2,10,11,I_14,,
CAAM-GB,5,3,14,11,I_15,,
STDR2,7,1,9,11,I_16,,
STTO-BH,6,3,3,11,I_17,,
STDR2,4,1,9,11,I_18,,
CAIN4,1,1,13,11,I_19,,
CAAM-GB,3,1,2,11,I_20,,
STTO-BH,4,3,11,11,J_01,,
CAAN2,4,3,11,11,J_02,,
STIN,7,1,15,11,J_03,,
STPO1,5,3,3,11,J_04,,
CAIN3,4,3,16,11,J_05,,
STDI,2,3,15,11,J_06,,
STPO1,7,2,4,11,J_08,,
STBR3,6,1,14,11,J_10,,
CAIN4,4,2,11,11,J_12,,
CAIN4,6,1,10,11,J_13,,
STGL1,2,2,1,11,J_14,,
STTO-BH,7,2,12,11,J_15,,
CAAN1,7,1,10,11,J_16,,
CAIN4,2,3,12,11,J_17,,
STGL1,7,1,14,11,J_18,,
CAAN1,4,2,5,11,J_19,,
CAAN1,1,2,9,11,J_20,,
STPO1,6,1,11,12,A_01,,
CAAM-GB,3,1,5,12,A_02,,
CAAN2,2,3,8,12,A_03,,
STIN,1,1,8,12,A_04,,
CAAN2,3,3,6,12,A_05,,
CAAN1,3,2,5,12,A_06,,
STTO-BH,6,2,15,12,A_07,,
CAAN2,4,2,8,12,A_08,,
CAAM-GB,5,3,3,12,A_09,,
STBR3,5,1,14,12,A_10,,
STPO1,5,3,14,12,A_11,,
CAAM-GB,4,3,8,12,A_12,,
CAAN1,3,1,9,12,A_13,,
CAAN1,5,1,7,12,A_14,,
STDI,1,3,3,12,A_15,,
CAAN2,3,3,14,12,A_16,,
STDI,2,1,7,12,A_17,,
CAAN1,3,3,15,12,A_18,,
STIN,2,1,8,12,A_19,,
CAAN1,4,3,13,12,A_20,,
STIN,3,2,16,12,B_01,,
STIN,7,1,9,12,B_02,,
CAAN2,5,3,13,12,B_03,,
CAAN1,6,3,5,12,B_04,,
CAAN1,2,1,15,12,B_05,,
STDI,6,1,13,12,B_06,,
CAIN4,4,3,4,12,B_07,,
CAAN1,1,2,8,12,B_08,,
CAAM-GB,3,2,10,12,B_10,,
CAAN2,1,2,10,12,B_11,,
CAAN2,4,1,6,12,B_12,,
STIN,7,2,9,12,B_14,,
CAAM-GB,2,3,2,12,B_15,,
CAAN1,7,1,15,12,B_16,,
CAIN4,1,3,6,12,B_17,,
STBR3,2,2,6,12,B_18,,
STDR2,2,2,13,12,B_19,,
CAIN4,6,1,14,12,C_01,,
CAAN2,7,3,1,12,C_02,,
STPO1,5,2,11,12,C_03,,
STBR3,7,3,13,12,C_04,,
CAAN2,4,3,2,12,C_05,,
STDI,7,2,15,12,C_06,,
STDR2,2,3,5,12,C_07,,
STGL1,5,3,14,12,C_09,,
STIN,7,1,4,12,C_10,,
STGL1,4,3,11,12,C_11,,
CAAN2,2,2,4,12,C_12,,
STIN,1,1,12,12,C_13,,
STIN,7,2,12,12,C_14,,
CAIN3,5,1,15,12,C_15,,
CAAN2,5,3,12,12,C_17,,
STDI,7,3,6,12,C_18,,
CACO1,6,2,1,12,C_19,,
STBR3,7,1,1,12,C_20,,
CAIN3,7,3,10,12,D_01,,
blank,1,1,3,12,D_02,,
STIN,6,1,3,12,D_03,,
CAAM-GB,6,3,16,12,D_05,,
CAAM-GB,2,3,11,12,D_06,,
CAAM-GB,2,1,5,12,D_07,,
CAAM-GB,4,1,12,12,D_08,,
CAAN1,6,3,9,12,D_09,,
STDR2,4,3,1,12,D_10,,
STGL1,5,1,13,12,D_12,,
CAAN1,2,3,8,12,D_14,,
STBR3,7,2,3,12,D_15,,
CAAN1,7,3,14,12,D_16,,
CAIN3,7,1,13,12,D_17,,
STIN,1,3,13,12,D_18,,
CAIN4,7,2,8,12,D_19,,
STIN,3,2,14,12,D_20,,
STIN,7,1,2,12,E_01,,
CAIN4,7,3,6,12,E_03,,
CAAN2,4,2,5,12,E_05,,
CAIN3,5,1,10,12,E_06,,
CAIN3,6,3,12,12,E_07,,
blank,1,2,2,12,E_08,,
CAIN4,6,1,2,12,E_09,,
CAIN4,7,3,11,12,E_10,,
CAAN2,4,3,12,12,E_11,,
STBR3,6,1,7,12,E_12,,
CAIN4,4,1,9,12,E_13,,
STGL1,5,2,11,12,E_14,,
STPO1,3,3,9,12,E_16,,
CAAN2,4,2,6,12,E_18,,
CAAM-GB,3,2,12,12,E_19,,
blank,7,2,1,12,E_20,,
STDI,2,2,15,12,F_01,,
CAIN4,6,3,16,12,F_02,,
CAIN3,4,1,9,12,F_03,,
CAIN3,6,2,5,12,F_04,,
CAAN1,6,1,8,12,F_05,,
STDI,5,2,8,12,F_06,,
CAAN1,6,1,3,12,F_07,,
STPO1,6,3,8,12,F_09,,
CACO1,4,2,2,12,F_10,,
CAIN4,5,1,14,12,F_11,,
STIN,2,3,12,12,F_12,,
CAAN1,7,2,2,12,F_13,,
CAAN2,2,1,14,12,F_15,,
CAIN3,6,2,16,12,F_16,,
STGL1,6,3,12,12,F_17,,
CAAN2,7,2,13,12,F_18,,
STDR2,7,3,14,12,F_20,,
STDR2,2,1,8,12,G_01,,
blank,2,2,3,12,G_02,,
STDR2,2,3,14,12,G_04,,
STIN,2,3,16,12,G_05,,
STBR3,3,2,1,12,G_06,,
STGL1,4,3,1,12,G_07,,
STBR3,4,1,1,12,G_08,,
STTO-BH,1,1,6,12,G_11,,
STIN,7,2,2,12,G_12,,
CAAN2,6,1,11,12,G_13,,
STIN,5,1,16,12,G_14,,
CAAN1,6,3,8,12,G_15,,
CAIN4,6,3,7,12,G_16,,
CAAM-GB,7,1,2,12,G_17,,
CAAN1,6,2,11,12,H_01,,
STGL1,2,3,9,12,H_02,,
blank,4,1,1,12,H_03,,
STIN,1,1,16,12,H_04,,
CAIN4,1,2,4,12,H_05,,
STTO-BH,4,1,15,12,H_06,,
CAAN2,4,1,12,12,H_07,,
CAIN3,3,2,12,12,H_08,,
CAAN2,1,3,11,12,H_09,,
CAIN3,6,2,15,12,H_11,,
STIN,4,2,11,12,H_12,,
CAIN3,4,1,6,12,H_13,,
CAAN1,3,1,12,12,H_14,,
STBR3,5,3,13,12,H_16,,
CAAM-GB,1,1,2,12,H_17,,
CAAM-GB,3,3,5,12,H_18,,
CAIN4,7,3,4,12,H_19,,
CAAN2,1,1,3,12,I_01,,
CAIN4,5,3,12,12,I_02,,
CAAN2,1,1,9,12,I_04,,
CAAN2,3,2,16,12,I_05,,
CAIN4,3,3,8,12,I_07,,
CAAN1,7,3,6,12,I_08,,
STBR3,2,3,7,12,I_09,,
CAIN4,6,1,11,12,I_10,,
STGL1,5,2,10,12,I_11,,
CAIN3,2,2,7,12,I_12,,
blank,6,1,2,12,I_13,,
STTO-BH,7,3,13,12,I_14,,
CAIN3,5,1,5,12,I_15,,
STTO-BH,4,3,12,12,I_16,,
CAAM-GB,3,2,14,12,I_17,,
STDR2,4,1,3,12,I_18,,
CAAM-GB,7,2,3,12,I_19,,
CAIN4,1,2,2,12,I_20,,
CAIN3,5,1,1,12,J_01,,
CAIN4,5,1,7,12,J_03,,
CAIN3,7,2,3,12,J_04,,
CAAM-GB,5,2,5,12,J_06,,
STIN,6,1,1,12,J_07,,
CAAN2,3,2,11,12,J_08,,
STIN,4,3,11,12,J_09,,
CACO1,3,2,3,12,J_10,,
CAAN2,7,2,1,12,J_11,,
CAIN3,7,2,5,12,J_12,,
STDI,6,1,10,12,J_14,,
STTO-BH,2,3,2,12,J_15,,
CAIN3,7,3,14,12,J_16,,
CAAM-GB,4,1,8,12,J_17,,
CAAN1,5,3,2,12,J_18,,
STDI,4,3,13,12,J_19,,
CAAM-GB,4,2,2,12,J_20,,
STBR3,7,1,16,10,A_01,,
blank,5,1,1,10,A_02,,
CAIN3,6,3,8,10,A_03,,
STIN,4,3,7,10,A_04,,
CAAM-GB,5,3,16,10,A_05,,
STDR2,5,1,12,10,A_07,,
STBR3,4,2,7,10,A_08,,
STDI,6,1,6,10,A_09,,
STDI,5,3,11,10,A_10,,
STDI,3,3,11,10,A_11,,
STIN,5,2,11,10,A_13,,
CAIN4,6,2,11,10,A_14,,
CAAM-GB,1,1,12,10,A_15,,
CAAM-GB,7,2,15,10,A_16,,
blank,6,3,4,10,A_17,,
CAIN3,7,1,5,10,A_19,,
STGL1,6,2,4,10,A_20,,
CAAN1,6,1,12,10,B_01,,
STTO-BH,4,1,6,10,B_03,,
CAIN4,7,1,6,10,B_04,,
CAAN2,2,2,13,10,B_05,,
STIN,1,1,14,10,B_06,,
CAAN2,7,3,10,10,B_07,,
STDI,3,1,12,10,B_08,,
CAIN3,2,1,10,10,B_09,,
CAAM-GB,6,2,12,10,B_10,,
CAAN1,1,3,6,10,B_11,,
CAAM-GB,5,3,5,10,B_12,,
STPO1,6,2,11,10,B_13,,
CAAN1,2,3,9,10,B_14,,
STBR3,2,1,14,10,B_15,,
STDR2,4,2,11,10,B_17,,
STBR3,4,1,4,10,B_18,,
STTO-BH,2,1,11,10,B_19,,
STDI,6,3,5,10,B_20,,
STBR3,1,1,4,10,C_01,,
STIN,3,3,14,10,C_02,,
STDI,5,3,9,10,C_03,,
CAAN2,4,1,9,10,C_04,,
CAAN1,2,2,16,10,C_06,,
blank,5,2,4,10,C_07,,
CAAN1,3,3,10,10,C_08,,
CAAM-GB,4,3,5,10,C_09,,
CAAN1,6,1,10,10,C_10,,
STGL1,1,1,16,10,C_11,,
STDR2,3,1,6,10,C_12,,
STDI,5,2,9,10,C_13,,
STDI,7,2,5,10,C_15,,
STIN,2,3,5,10,C_16,,
CAAM-GB,7,3,12,10,C_17,,
STPO1,5,1,1,10,C_18,,
STIN,5,2,9,10,C_19,,
CAIN3,1,3,13,10,C_20,,
CAIN3,6,2,1,10,D_01,,
STDR2,2,1,16,10,D_02,,
CAAN2,2,3,1,10,D_03,,
CAIN4,5,3,1,10,D_04,,
CAIN4,3,2,11,10,D_05,,
CAIN4,7,2,16,10,D_06,,
STIN,7,3,16,10,D_07,,
STDR2,7,3,12,10,D_09,,
CAAM-GB,3,1,4,10,D_10,,
CAIN4,3,3,4,10,D_11,,
CAAM-GB,3,3,3,10,D_12,,
STDI,7,1,11,10,D_13,,
STDR2,6,1,5,10,D_15,,
CAAM-GB,4,2,14,10,D_16,,
CAAN2,3,2,8,10,D_17,,
STDR2,4,3,7,10,D_18,,
STPO1,5,1,16,10,D_19,,
CAIN4,5,3,6,10,E_01,,
STPO1,1,1,8,10,E_02,,
CAAN2,7,1,7,10,E_03,,
CAAN1,2,2,2,10,E_04,,
STPO1,2,3,6,10,E_05,,
STDR2,7,3,16,10,E_06,,
STDR2,5,3,14,10,E_07,,
CAAM-GB,7,3,2,10,E_08,,
STBR3,7,1,10,10,E_10,,
STTO-BH,1,2,11,10,E_11,,
CAIN3,7,3,5,10,E_13,,
CAIN3,7,1,3,10,E_14,,
CAAM-GB,2,3,6,10,E_15,,
CAIN4,2,1,1,10,E_16,,
CAIN4,4,3,11,10,E_17,,
STTO-BH,4,3,1,10,E_18,,
CAIN3,4,1,1,10,E_19,,
STDI,7,1,12,10,E_20,,
CAAM-GB,5,3,11,10,F_01,,
CAAM-GB,1,1,14,10,F_03,,
CAIN4,4,2,10,10,F_05,,
STGL1,4,3,8,10,F_06,,
STTO-BH,2,3,3,10,F_07,,
STDI,4,1,9,10,F_09,,
CAIN4,3,1,2,10,F_10,,
CAAM-GB,1,2,11,10,F_11,,
CAAN1,4,3,11,10,F_13,,
STIN,5,2,16,10,F_14,,
CAIN4,5,3,2,10,F_15,,
CAAM-GB,1,3,2,10,F_17,,
CAIN3,2,2,10,10,F_18,,
STPO1,4,3,4,10,F_19,,
CAAN2,7,3,11,10,G_01,,
STIN,2,1,14,10,G_02,,
STIN,6,1,7,10,G_03,,
STIN,4,3,10,10,G_04,,
STTO-BH,4,2,2,10,G_05,,
STDI,7,1,13,10,G_06,,
CAIN4,2,1,15,10,G_07,,
STDR2,2,1,5,10,G_08,,
CAAN1,2,2,1,10,G_09,,
STIN,3,1,10,10,G_10,,
CAIN4,2,3,8,10,G_11,,
STIN,7,2,3,10,G_13,,
CAAN1,5,3,4,10,G_14,,
STPO1,7,1,2,10,G_15,,
CAIN3,3,2,7,10,G_16,,
CAAN1,4,1,5,10,G_17,,
CAAN1,1,2,11,10,G_18,,
STTO-BH,2,3,4,10,G_19,,
CAAN2,7,1,13,10,G_20,,
STDR2,7,1,1,10,H_01,,
CAIN4,3,3,13,10,H_02,,
CAAN2,7,1,9,10,H_03,,
CAIN4,2,2,3,10,H_04,,
CAAN1,4,3,6,10,H_05,,
CAAM-GB,4,1,4,10,H_06,,
STTO-BH,7,1,8,10,H_07,,
CACO1,5,1,3,10,H_08,,
blank,5,1,3,10,H_09,,iButton in this Cone
STTO-BH,2,2,1,10,H_10,,
CAAM-GB,1,1,16,10,H_11,,
STDI,7,1,5,10,H_12,,
STDI,1,2,9,10,H_13,,
CAAN2,7,3,7,10,H_14,,
CAAM-GB,7,3,9,10,H_15,,
STDI,7,3,5,10,H_16,,
CAAN1,7,3,9,10,H_17,,
STIN,6,3,11,10,H_18,,
STDI,1,3,13,10,H_20,,
CAAN2,5,1,13,10,I_01,,
CACO1,3,1,2,10,I_02,,
STDI,4,2,8,10,I_03,,
CAAN2,2,1,9,10,I_04,,
CAAN1,6,2,12,10,I_05,,
STDR2,7,2,11,10,I_06,,
STTO-BH,7,2,15,10,I_07,,
CAAM-GB,3,1,14,10,I_08,,
blank,2,3,4,10,I_09,,
CAIN4,7,1,11,10,I_12,,
CAIN4,3,1,14,10,I_13,,
CAAN2,1,3,5,10,I_15,,
CAAN1,7,1,3,10,I_16,,
CAIN3,6,2,3,10,I_17,,
CAAN2,5,1,9,10,I_18,,
STIN,3,3,6,10,I_19,,
CAIN4,6,3,12,10,I_20,,
STTO-BH,2,1,2,10,J_01,,
STTO-BH,5,2,16,10,J_02,,
STDR2,7,2,16,10,J_03,,
STDR2,6,1,16,10,J_04,,
CAIN3,3,2,4,10,J_05,,
CAAN1,7,2,6,10,J_07,,
CAIN4,3,3,1,10,J_08,,
STDR2,7,3,7,10,J_09,,
STIN,2,1,1,10,J_10,,
blank,3,2,3,10,J_11,,
CAAN2,4,2,7,10,J_12,,
STDI,3,2,15,10,J_13,,
STPO1,6,2,15,10,J_14,,
STPO1,5,3,2,10,J_15,,
CAAM-GB,5,2,9,10,J_16,,
CAIN4,6,1,16,10,J_17,,
CAAN2,3,3,8,10,J_18,,